,사고번호,사고일시,요일,시군구,사고내용,사망자수,중상자수,경상자수,부상신고자수,사고유형,법규위반,노면상태,기상상태,도로형태,가해운전자 차종,가해운전자 성별,가해운전자 연령,가해운전자 상해정도,피해운전자 차종,피해운전자 성별,피해운전자 연령,피해운전자 상해정도
3664,2020022100100298,2020년 2월 21일 13시,금요일,전라남도 곡성군 목사동면,경상사고,0,0,1,0,차대사람 - 기타,안전운전불이행,포장 - 건조,맑음,교차로 - 교차로부근,승용,여,50세,상해없음,보행자,여,75세,경상
3665,2020022100100429,2020년 2월 21일 17시,금요일,전라남도 목포시 석현동,경상사고,0,0,1,0,차대사람 - 기타,안전운전불이행,포장 - 건조,맑음,단일로 - 기타,기타불명,기타불명,미분류,기타불명,보행자,여,51세,경상
3666,2020022100100467,2020년 2월 21일 18시,금요일,전라남도 곡성군 입면,사망사고,1,0,0,0,차대사람 - 차도통행중,안전운전불이행,포장 - 건조,흐림,단일로 - 기타,승용,남,32세,상해없음,보행자,여,75세,사망
3667,2020022100100521,2020년 2월 21일 19시,금요일,전라남도 순천시 연향동,경상사고,0,0,1,0,차대사람 - 횡단중,안전운전불이행,포장 - 건조,맑음,단일로 - 기타,이륜,남,40세,상해없음,보행자,여,7세,경상
3668,2020022100100690,2020년 2월 21일 23시,금요일,전라남도 목포시 옥암동,경상사고,0,0,1,0,차대사람 - 기타,안전운전불이행,포장 - 젖음/습기,흐림,교차로 - 교차로안,승합,남,36세,상해없음,보행자,남,47세,경상
3669,2020022200100306,2020년 2월 22일 15시,토요일,전라남도 여수시 덕충동,경상사고,0,0,1,0,차대사람 - 차도통행중,안전운전불이행,포장 - 건조,맑음,단일로 - 기타,화물,남,67세,기타불명,보행자,남,46세,경상
3670,2020022200100358,2020년 2월 22일 17시,토요일,전라남도 광양시 옥곡면,경상사고,0,0,1,0,차대사람 - 기타,안전운전불이행,비포장 - 건조,맑음,단일로 - 기타,화물,남,60세,상해없음,보행자,여,25세,경상
3671,2020022200100375,2020년 2월 22일 18시,토요일,전라남도 구례군 토지면,중상사고,0,1,0,0,차대사람 - 횡단중,안전운전불이행,포장 - 건조,맑음,단일로 - 기타,승용,남,58세,상해없음,보행자,남,55세,중상
3672,2020022200100431,2020년 2월 22일 20시,토요일,전라남도 광양시 중동,중상사고,0,1,0,0,차대사람 - 횡단중,신호위반,포장 - 건조,맑음,교차로 - 교차로부근,승용,남,36세,상해없음,보행자,여,44세,중상
3673,2020022300100011,2020년 2월 23일 00시,일요일,전라남도 순천시 해룡면,경상사고,0,0,1,0,차대사람 - 기타,안전운전불이행,포장 - 건조,맑음,단일로 - 기타,승용,남,52세,상해없음,보행자,남,33세,경상
3674,2020022400100048,2020년 2월 24일 06시,월요일,전라남도 여수시 신기동,중상사고,0,1,0,0,차대사람 - 길가장자리구역통행중,안전운전불이행,포장 - 건조,맑음,교차로 - 교차로부근,승용,남,71세,상해없음,보행자,남,66세,중상
3675,2020022400100213,2020년 2월 24일 12시,월요일,전라남도 강진군 강진읍,경상사고,0,0,1,0,차대사람 - 기타,안전운전불이행,포장 - 건조,흐림,단일로 - 기타,승용,여,51세,상해없음,보행자,여,28세,경상
3676,2020022400100423,2020년 2월 24일 19시,월요일,전라남도 목포시 산정동,중상사고,0,1,0,0,차대사람 - 횡단중,신호위반,포장 - 건조,맑음,교차로 - 교차로안,승합,남,61세,상해없음,보행자,남,46세,중상
3677,2020022400100424,2020년 2월 24일 19시,월요일,전라남도 목포시 산정동,중상사고,0,1,0,0,차대사람 - 차도통행중,안전운전불이행,포장 - 건조,맑음,단일로 - 기타,승용,남,39세,상해없음,보행자,남,69세,중상
3678,2020022400100425,2020년 2월 24일 19시,월요일,전라남도 여수시 학동,경상사고,0,0,1,0,차대사람 - 기타,안전운전불이행,포장 - 건조,맑음,단일로 - 기타,화물,남,62세,상해없음,보행자,남,60세,경상
3679,2020022500100155,2020년 2월 25일 10시,화요일,전라남도 완도군 완도읍,경상사고,0,0,1,0,차대사람 - 횡단중,보행자보호의무위반,포장 - 건조,맑음,교차로 - 교차로횡단보도내,승합,남,77세,상해없음,보행자,여,69세,경상
3680,2020022600100008,2020년 2월 26일 00시,수요일,전라남도 여수시 문수동,부상신고사고,0,0,0,1,차대사람 - 횡단중,안전운전불이행,포장 - 젖음/습기,비,교차로 - 교차로안,승용,여,48세,상해없음,보행자,남,38세,부상신고
3681,2020022600100038,2020년 2월 26일 05시,수요일,전라남도 목포시 상동,중상사고,0,1,0,0,차대사람 - 횡단중,보행자보호의무위반,포장 - 젖음/습기,비,교차로 - 교차로횡단보도내,승용,남,67세,상해없음,보행자,남,71세,중상
3682,2020022600100335,2020년 2월 26일 18시,수요일,전라남도 순천시 연향동,경상사고,0,0,1,0,차대사람 - 횡단중,안전운전불이행,포장 - 건조,맑음,교차로 - 교차로안,승용,남,54세,상해없음,보행자,여,43세,경상
3683,2020022600100378,2020년 2월 26일 19시,수요일,전라남도 순천시 별량면,사망사고,1,0,0,0,차대사람 - 차도통행중,안전운전불이행,포장 - 건조,맑음,단일로 - 기타,화물,남,21세,상해없음,보행자,남,61세,사망
3684,2020022600100419,2020년 2월 26일 20시,수요일,전라남도 광양시 중동,중상사고,0,1,0,0,차대사람 - 횡단중,신호위반,포장 - 건조,맑음,교차로 - 교차로횡단보도내,승용,남,43세,상해없음,보행자,여,31세,중상
3685,2020022700100163,2020년 2월 27일 11시,목요일,전라남도 목포시 상동,중상사고,0,1,0,0,차대사람 - 기타,안전운전불이행,포장 - 건조,맑음,교차로 - 교차로횡단보도내,승용,여,58세,상해없음,보행자,남,73세,중상
3686,2020022700100283,2020년 2월 27일 16시,목요일,전라남도 무안군 일로읍,중상사고,0,1,0,0,차대사람 - 기타,안전운전불이행,포장 - 건조,맑음,교차로 - 교차로안,화물,남,71세,상해없음,보행자,여,5세,중상
3687,2020022700100304,2020년 2월 27일 17시,목요일,전라남도 광양시 중동,부상신고사고,0,0,0,1,차대사람 - 차도통행중,안전운전불이행,포장 - 건조,맑음,단일로 - 기타,화물,남,72세,상해없음,보행자,여,21세,부상신고
3688,2020022700100335,2020년 2월 27일 18시,목요일,전라남도 담양군 무정면,사망사고,1,0,0,0,차대사람 - 기타,안전운전불이행,포장 - 건조,맑음,단일로 - 기타,승용,남,54세,상해없음,보행자,여,68세,사망
3689,2020022700100411,2020년 2월 27일 21시,목요일,전라남도 순천시 연향동,경상사고,0,0,1,0,차대사람 - 횡단중,신호위반,포장 - 건조,맑음,교차로 - 교차로횡단보도내,승용,여,57세,상해없음,보행자,여,43세,경상
3690,2020022800100182,2020년 2월 28일 13시,금요일,전라남도 목포시 상동,경상사고,0,0,1,0,차대사람 - 기타,기타,포장 - 건조,맑음,단일로 - 기타,화물,남,45세,상해없음,보행자,여,74세,경상
3691,2020022800100278,2020년 2월 28일 17시,금요일,전라남도 목포시 용해동,경상사고,0,0,1,0,차대사람 - 기타,안전운전불이행,포장 - 건조,맑음,교차로 - 교차로안,승용,여,45세,상해없음,보행자,여,20세,경상
3692,2020022800100310,2020년 2월 28일 18시,금요일,전라남도 구례군 구례읍,사망사고,1,0,0,0,차대사람 - 차도통행중,안전운전불이행,포장 - 젖음/습기,흐림,기타 - 기타,승용,여,48세,상해없음,보행자,여,70세,사망
3693,2020022800100361,2020년 2월 28일 19시,금요일,전라남도 순천시 조례동,경상사고,0,0,1,0,차대사람 - 횡단중,보행자보호의무위반,포장 - 젖음/습기,맑음,교차로 - 교차로횡단보도내,원동기,남,18세,상해없음,보행자,여,47세,경상
3694,2020022800100440,2020년 2월 28일 22시,금요일,전라남도 순천시 석현동,경상사고,0,0,1,0,차대사람 - 횡단중,안전운전불이행,포장 - 건조,맑음,단일로 - 기타,승용,남,27세,상해없음,보행자,남,23세,경상
3695,2020022800100461,2020년 2월 28일 23시,금요일,전라남도 여수시 학동,경상사고,0,0,1,0,차대사람 - 길가장자리구역통행중,안전운전불이행,포장 - 건조,맑음,교차로 - 교차로안,승용,남,34세,상해없음,보행자,남,35세,경상
3696,2020022900100166,2020년 2월 29일 12시,토요일,전라남도 여수시 교동,경상사고,0,0,1,0,차대사람 - 차도통행중,안전운전불이행,포장 - 건조,맑음,단일로 - 기타,승용,여,29세,상해없음,보행자,남,48세,경상
3697,2020030100100054,2020년 3월 1일 07시,일요일,전라남도 여수시 봉강동,중상사고,0,1,0,0,차대사람 - 횡단중,보행자보호의무위반,포장 - 건조,맑음,교차로 - 교차로안,승용,여,58세,상해없음,보행자,여,63세,중상
3698,2020030100100156,2020년 3월 1일 15시,일요일,전라남도 장흥군 장흥읍,경상사고,0,0,1,0,차대사람 - 차도통행중,안전운전불이행,포장 - 건조,맑음,단일로 - 기타,승용,남,36세,상해없음,보행자,여,61세,경상
3699,2020030100100246,2020년 3월 1일 20시,일요일,전라남도 목포시 용당동,중상사고,0,1,0,0,차대사람 - 기타,안전운전불이행,포장 - 건조,맑음,단일로 - 기타,승용,남,73세,상해없음,보행자,남,78세,중상
3700,2020030200100011,2020년 3월 2일 01시,월요일,전라남도 광양시 중동,부상신고사고,0,0,0,1,차대사람 - 길가장자리구역통행중,안전운전불이행,포장 - 건조,맑음,단일로 - 기타,승용,여,49세,기타불명,보행자,남,49세,부상신고
3701,2020030200100381,2020년 3월 2일 19시,월요일,전라남도 순천시 연향동,중상사고,0,1,0,0,차대사람 - 차도통행중,안전운전불이행,포장 - 건조,맑음,교차로 - 교차로부근,원동기,남,22세,상해없음,보행자,남,64세,중상
3702,2020030200100427,2020년 3월 2일 21시,월요일,전라남도 순천시 서면,중상사고,0,1,0,0,차대사람 - 기타,안전운전불이행,포장 - 건조,맑음,단일로 - 기타,승용,여,45세,상해없음,보행자,남,62세,중상
3703,2020030300100176,2020년 3월 3일 12시,화요일,전라남도 화순군 화순읍,중상사고,0,1,0,0,차대사람 - 기타,안전운전불이행,포장 - 건조,맑음,교차로 - 교차로안,승용,여,34세,상해없음,보행자,여,79세,중상
3704,2020030300100355,2020년 3월 3일 20시,화요일,전라남도 순천시 서면,중상사고,0,1,0,0,차대사람 - 횡단중,안전운전불이행,포장 - 건조,맑음,교차로 - 교차로부근,승용,남,47세,상해없음,보행자,여,53세,중상
3705,2020030400100042,2020년 3월 4일 06시,수요일,전라남도 목포시 상동,경상사고,0,0,1,0,차대사람 - 횡단중,보행자보호의무위반,포장 - 건조,맑음,교차로 - 교차로부근,승용,남,45세,상해없음,보행자,남,40세,경상
3706,2020030400100399,2020년 3월 4일 21시,수요일,전라남도 목포시 상동,경상사고,0,0,1,0,차대사람 - 차도통행중,신호위반,포장 - 건조,맑음,교차로 - 교차로안,승용,여,55세,상해없음,보행자,여,50세,경상
3707,2020030400100400,2020년 3월 4일 21시,수요일,전라남도 순천시 연향동,중상사고,0,1,0,0,차대사람 - 횡단중,보행자보호의무위반,포장 - 건조,맑음,교차로 - 교차로횡단보도내,승용,남,56세,상해없음,보행자,여,46세,중상
3708,2020030500100101,2020년 3월 5일 08시,목요일,전라남도 여수시 여서동,중상사고,0,1,0,0,차대사람 - 횡단중,신호위반,포장 - 건조,맑음,단일로 - 기타,승용,남,61세,상해없음,보행자,남,67세,중상
3709,2020030500100243,2020년 3월 5일 14시,목요일,전라남도 순천시 주암면,경상사고,0,0,1,0,차대사람 - 횡단중,안전운전불이행,포장 - 건조,맑음,단일로 - 기타,특수,남,57세,상해없음,보행자,여,80세,경상
3710,2020030500100289,2020년 3월 5일 16시,목요일,전라남도 목포시 옥암동,중상사고,0,1,0,0,차대사람 - 횡단중,보행자보호의무위반,포장 - 건조,맑음,단일로 - 기타,승용,여,54세,상해없음,보행자,남,42세,중상
3711,2020030500100361,2020년 3월 5일 18시,목요일,전라남도 화순군 도곡면,중상사고,0,1,0,0,차대사람 - 기타,안전운전불이행,포장 - 건조,맑음,단일로 - 기타,승용,남,57세,상해없음,보행자,여,83세,중상
3712,2020030500100428,2020년 3월 5일 20시,목요일,전라남도 광양시 금호동,경상사고,0,0,1,0,차대사람 - 차도통행중,안전운전불이행,포장 - 건조,맑음,교차로 - 교차로부근,승합,남,55세,상해없음,보행자,남,75세,경상
3713,2020030600100048,2020년 3월 6일 05시,금요일,전라남도 순천시 연향동,중상사고,0,1,0,0,차대사람 - 횡단중,안전운전불이행,포장 - 건조,맑음,교차로 - 교차로횡단보도내,승용,남,21세,상해없음,보행자,남,23세,중상
3714,2020030600100106,2020년 3월 6일 08시,금요일,전라남도 화순군 남면,중상사고,0,1,0,0,차대사람 - 기타,안전운전불이행,포장 - 건조,맑음,주차장 - 주차장,기타불명,남,56세,상해없음,보행자,여,73세,중상
3715,2020030600100140,2020년 3월 6일 09시,금요일,전라남도 고흥군 도화면,경상사고,0,0,1,0,차대사람 - 기타,안전운전불이행,포장 - 건조,맑음,단일로 - 기타,이륜,남,71세,상해없음,보행자,여,83세,경상
3716,2020030600100191,2020년 3월 6일 11시,금요일,전라남도 무안군 일로읍,경상사고,0,0,1,0,차대사람 - 기타,안전운전불이행,포장 - 건조,맑음,기타 - 기타,화물,남,60세,상해없음,보행자,여,82세,경상
3717,2020030600100241,2020년 3월 6일 13시,금요일,전라남도 여수시 연등동,경상사고,0,0,1,0,차대사람 - 길가장자리구역통행중,안전운전불이행,포장 - 건조,맑음,단일로 - 기타,기타불명,기타불명,미분류,기타불명,보행자,여,76세,경상
3718,2020030600100343,2020년 3월 6일 16시,금요일,전라남도 화순군 도곡면,경상사고,0,0,1,0,차대사람 - 기타,안전운전불이행,포장 - 건조,맑음,단일로 - 기타,승용,여,61세,상해없음,보행자,남,28세,경상
3719,2020030600100393,2020년 3월 6일 17시,금요일,전라남도 여수시 교동,중상사고,0,1,0,0,차대사람 - 차도통행중,안전운전불이행,포장 - 건조,맑음,단일로 - 기타,승용,남,72세,상해없음,보행자,남,75세,중상
3720,2020030600100395,2020년 3월 6일 17시,금요일,전라남도 나주시 대호동,경상사고,0,0,2,0,차대사람 - 횡단중,보행자보호의무위반,포장 - 건조,맑음,교차로 - 교차로부근,화물,남,61세,상해없음,보행자,여,10세,경상
3721,2020030600100396,2020년 3월 6일 17시,금요일,전라남도 영암군 삼호읍,중상사고,0,1,0,0,차대사람 - 횡단중,안전운전불이행,포장 - 건조,맑음,단일로 - 기타,승용,남,27세,상해없음,보행자,여,3세,중상
3722,2020030700100115,2020년 3월 7일 10시,토요일,전라남도 순천시 조례동,경상사고,0,0,1,0,차대사람 - 보도통행중,안전운전불이행,포장 - 건조,흐림,기타 - 기타,화물,남,76세,상해없음,보행자,여,69세,경상
3723,2020030700100148,2020년 3월 7일 11시,토요일,전라남도 여수시 여서동,중상사고,0,1,0,0,차대사람 - 횡단중,보행자보호의무위반,포장 - 건조,흐림,단일로 - 기타,승용,남,30세,상해없음,보행자,남,87세,중상
3724,2020030700100179,2020년 3월 7일 12시,토요일,전라남도 목포시 옥암동,경상사고,0,0,1,0,차대사람 - 횡단중,안전운전불이행,포장 - 건조,맑음,교차로 - 교차로안,승용,남,26세,상해없음,보행자,여,87세,경상
3725,2020030700100245,2020년 3월 7일 15시,토요일,전라남도 광양시 다압면,경상사고,0,0,1,0,차대사람 - 기타,안전운전불이행,포장 - 젖음/습기,흐림,단일로 - 기타,승용,남,58세,상해없음,보행자,남,38세,경상
3726,2020030700100293,2020년 3월 7일 17시,토요일,전라남도 목포시 산정동,중상사고,0,1,0,0,차대사람 - 기타,안전운전불이행,포장 - 건조,맑음,단일로 - 기타,승용,남,64세,상해없음,보행자,남,78세,중상
3727,2020030800100045,2020년 3월 8일 04시,일요일,전라남도 목포시 옥암동,중상사고,0,1,0,0,차대사람 - 기타,보행자보호의무위반,포장 - 기타,안개,단일로 - 기타,승용,남,30세,상해없음,보행자,남,25세,중상
3728,2020030800100105,2020년 3월 8일 10시,일요일,전라남도 화순군 남면,경상사고,0,0,1,0,차대사람 - 기타,안전운전불이행,포장 - 건조,맑음,교차로 - 교차로안,화물,남,25세,상해없음,보행자,남,84세,경상
3729,2020030800100148,2020년 3월 8일 13시,일요일,전라남도 함평군 신광면,경상사고,0,0,1,0,차대사람 - 횡단중,교차로운행방법위반,포장 - 건조,맑음,교차로 - 교차로안,승용,남,63세,상해없음,보행자,여,45세,경상
3730,2020030800100197,2020년 3월 8일 15시,일요일,전라남도 순천시 조곡동,경상사고,0,0,1,0,차대사람 - 차도통행중,안전운전불이행,포장 - 건조,맑음,단일로 - 기타,승용,남,65세,상해없음,보행자,여,49세,경상
3731,2020030800100259,2020년 3월 8일 17시,일요일,전라남도 보성군 벌교읍,경상사고,0,0,1,0,차대사람 - 차도통행중,안전운전불이행,포장 - 건조,맑음,단일로 - 기타,승용,남,57세,상해없음,보행자,여,59세,경상
3732,2020030800100305,2020년 3월 8일 19시,일요일,전라남도 고흥군 도양읍,경상사고,0,0,1,0,차대사람 - 기타,안전운전불이행,포장 - 건조,맑음,단일로 - 기타,승용,남,66세,상해없음,보행자,남,60세,경상
3733,2020030900100184,2020년 3월 9일 11시,월요일,전라남도 해남군 해남읍,경상사고,0,0,1,0,차대사람 - 횡단중,안전운전불이행,포장 - 건조,맑음,단일로 - 기타,승용,남,68세,상해없음,보행자,여,4세,경상
3734,2020030900100420,2020년 3월 9일 19시,월요일,전라남도 화순군 화순읍,경상사고,0,0,1,1,차대사람 - 기타,안전운전불이행,포장 - 젖음/습기,비,단일로 - 기타,이륜,남,18세,부상신고,보행자,남,54세,경상
3735,2020030900100486,2020년 3월 9일 21시,월요일,전라남도 여수시 신기동,경상사고,0,0,1,0,차대사람 - 차도통행중,안전운전불이행,포장 - 젖음/습기,비,단일로 - 기타,이륜,남,26세,상해없음,보행자,여,77세,경상
3736,2020030900100517,2020년 3월 9일 22시,월요일,전라남도 나주시 금천면,사망사고,1,0,0,0,차대사람 - 기타,안전운전불이행,포장 - 젖음/습기,비,단일로 - 기타,승합,남,50세,상해없음,보행자,남,39세,사망
3737,2020030900100533,2020년 3월 9일 23시,월요일,전라남도 목포시 상동,부상신고사고,0,0,0,1,차대사람 - 횡단중,보행자보호의무위반,포장 - 건조,맑음,단일로 - 기타,승용,남,31세,상해없음,보행자,남,45세,부상신고
3738,2020031000100168,2020년 3월 10일 11시,화요일,전라남도 곡성군 석곡면,중상사고,0,1,0,0,차대사람 - 기타,안전운전불이행,포장 - 건조,맑음,기타 - 기타,화물,남,69세,상해없음,보행자,여,86세,중상
3739,2020031000100290,2020년 3월 10일 16시,화요일,전라남도 목포시 용당동,경상사고,0,0,1,0,차대사람 - 기타,중앙선침범,포장 - 건조,맑음,단일로 - 기타,승용,남,68세,상해없음,보행자,여,63세,경상
3740,2020031000100320,2020년 3월 10일 17시,화요일,전라남도 목포시 상동,경상사고,0,0,1,0,차대사람 - 차도통행중,안전운전불이행,포장 - 건조,맑음,단일로 - 기타,기타불명,기타불명,미분류,기타불명,보행자,여,20세,경상
3741,2020031100100004,2020년 3월 11일 00시,수요일,전라남도 여수시 여서동,경상사고,0,0,1,0,차대사람 - 기타,안전운전불이행,포장 - 젖음/습기,흐림,기타 - 기타,승용,여,22세,상해없음,보행자,남,48세,경상
3742,2020031100100440,2020년 3월 11일 19시,수요일,전라남도 목포시 옥암동,경상사고,0,0,1,0,차대사람 - 기타,안전운전불이행,포장 - 건조,맑음,교차로 - 교차로안,승용,여,39세,상해없음,보행자,여,63세,경상
3743,2020031100100467,2020년 3월 11일 20시,수요일,전라남도 목포시 상동,중상사고,0,1,1,0,차대사람 - 횡단중,신호위반,포장 - 건조,맑음,교차로 - 교차로안,승용,남,37세,상해없음,보행자,남,24세,경상
3744,2020031200100191,2020년 3월 12일 11시,목요일,전라남도 해남군 북평면,중상사고,0,1,0,0,차대사람 - 기타,안전운전불이행,포장 - 건조,맑음,단일로 - 기타,승용,남,51세,상해없음,보행자,여,74세,중상
3745,2020031200100315,2020년 3월 12일 15시,목요일,전라남도 완도군 약산면,중상사고,0,1,0,0,차대사람 - 횡단중,안전운전불이행,포장 - 건조,맑음,단일로 - 기타,승합,남,65세,상해없음,보행자,남,57세,중상
3746,2020031200100378,2020년 3월 12일 17시,목요일,전라남도 여수시 돌산읍,경상사고,0,0,1,0,차대사람 - 횡단중,안전운전불이행,포장 - 건조,맑음,단일로 - 기타,화물,남,64세,상해없음,보행자,남,59세,경상
3747,2020031200100456,2020년 3월 12일 19시,목요일,전라남도 나주시 동수동,부상신고사고,0,0,0,1,차대사람 - 기타,안전운전불이행,포장 - 건조,맑음,단일로 - 기타,화물,남,62세,상해없음,보행자,남,69세,부상신고
3748,2020031200100457,2020년 3월 12일 19시,목요일,전라남도 장흥군 장흥읍,경상사고,0,0,1,0,차대사람 - 보도통행중,안전운전불이행,포장 - 건조,맑음,교차로 - 교차로부근,승용,남,49세,상해없음,보행자,여,21세,경상
3749,2020031200100571,2020년 3월 12일 23시,목요일,전라남도 여수시 여서동,중상사고,0,1,0,0,차대사람 - 횡단중,안전운전불이행,포장 - 건조,맑음,교차로 - 교차로부근,승용,남,46세,상해없음,보행자,남,29세,중상
3750,2020031300100438,2020년 3월 13일 20시,금요일,전라남도 여수시 오림동,경상사고,0,0,2,0,차대사람 - 횡단중,보행자보호의무위반,포장 - 건조,맑음,단일로 - 기타,승합,남,26세,상해없음,보행자,여,52세,경상
3751,2020031300100439,2020년 3월 13일 20시,금요일,전라남도 나주시 송월동,경상사고,0,0,1,0,차대사람 - 보도통행중,보행자보호의무위반,포장 - 건조,맑음,교차로 - 교차로횡단보도내,승용,남,46세,상해없음,보행자,남,50세,경상
3752,2020031400100047,2020년 3월 14일 02시,토요일,전라남도 목포시 용당동,경상사고,0,0,1,0,차대사람 - 기타,안전운전불이행,포장 - 건조,맑음,단일로 - 기타,승용,남,35세,상해없음,보행자,남,25세,경상
3753,2020031400100078,2020년 3월 14일 05시,토요일,전라남도 광양시 중동,경상사고,0,0,1,0,차대사람 - 횡단중,안전운전불이행,포장 - 건조,맑음,교차로 - 교차로부근,승용,남,62세,상해없음,보행자,여,70세,경상
3754,2020031400100210,2020년 3월 14일 12시,토요일,전라남도 목포시 산정동,중상사고,0,1,0,0,차대사람 - 기타,안전운전불이행,포장 - 건조,맑음,교차로 - 교차로안,승용,여,32세,상해없음,보행자,여,93세,중상
3755,2020031500100319,2020년 3월 15일 21시,일요일,전라남도 신안군 임자면,중상사고,0,1,0,0,차대사람 - 기타,안전운전불이행,포장 - 건조,맑음,단일로 - 기타,승용,남,21세,상해없음,보행자,여,57세,중상
3756,2020031600100040,2020년 3월 16일 06시,월요일,전라남도 여수시 안산동,중상사고,0,1,0,0,차대사람 - 횡단중,보행자보호의무위반,포장 - 건조,맑음,교차로 - 교차로횡단보도내,승용,남,59세,상해없음,보행자,여,72세,중상
3757,2020031600100061,2020년 3월 16일 07시,월요일,전라남도 순천시 오천동,중상사고,0,1,1,0,차대사람 - 기타,보행자보호의무위반,포장 - 건조,맑음,교차로 - 교차로안,승용,남,42세,상해없음,보행자,남,56세,중상
3758,2020031600100201,2020년 3월 16일 11시,월요일,전라남도 함평군 나산면,경상사고,0,0,1,0,차대사람 - 길가장자리구역통행중,안전운전불이행,포장 - 건조,맑음,단일로 - 기타,승합,남,47세,상해없음,보행자,여,82세,경상
3759,2020031600100248,2020년 3월 16일 13시,월요일,전라남도 강진군 강진읍,중상사고,0,1,0,0,차대사람 - 횡단중,안전운전불이행,포장 - 건조,맑음,단일로 - 기타,화물,남,60세,상해없음,보행자,여,79세,중상
3760,2020031600100334,2020년 3월 16일 16시,월요일,전라남도 목포시 대양동,중상사고,0,1,0,0,차대사람 - 기타,안전운전불이행,포장 - 건조,맑음,교차로 - 교차로안,승용,여,44세,상해없음,보행자,여,7세,중상
3761,2020031600100335,2020년 3월 16일 16시,월요일,전라남도 목포시 상동,부상신고사고,0,0,0,1,차대사람 - 기타,안전운전불이행,포장 - 건조,맑음,단일로 - 기타,기타불명,기타불명,미분류,기타불명,보행자,남,13세,부상신고
3762,2020031600100368,2020년 3월 16일 17시,월요일,전라남도 여수시 서교동,경상사고,0,0,1,0,차대사람 - 횡단중,보행자보호의무위반,포장 - 건조,맑음,교차로 - 교차로횡단보도내,승용,남,55세,상해없음,보행자,남,76세,경상
3763,2020031700100155,2020년 3월 17일 11시,화요일,전라남도 여수시 군자동,중상사고,0,1,0,0,차대사람 - 횡단중,보행자보호의무위반,포장 - 건조,맑음,단일로 - 기타,승용,여,55세,상해없음,보행자,남,73세,중상
3764,2020031700100171,2020년 3월 17일 12시,화요일,전라남도 고흥군 고흥읍,중상사고,0,1,0,0,차대사람 - 차도통행중,안전운전불이행,포장 - 건조,맑음,단일로 - 기타,승용,여,53세,상해없음,보행자,여,73세,중상
3765,2020031700100190,2020년 3월 17일 13시,화요일,전라남도 여수시 고소동,중상사고,0,1,0,0,차대사람 - 횡단중,안전운전불이행,포장 - 건조,맑음,교차로 - 교차로부근,승용,남,62세,기타불명,보행자,여,61세,중상
3766,2020031700100255,2020년 3월 17일 15시,화요일,전라남도 완도군 고금면,경상사고,0,0,1,0,차대사람 - 기타,안전운전불이행,포장 - 건조,맑음,기타 - 기타,화물,남,57세,상해없음,보행자,여,51세,경상
3767,2020031700100281,2020년 3월 17일 16시,화요일,전라남도 순천시 풍덕동,중상사고,0,1,0,0,차대사람 - 보도통행중,안전운전불이행,포장 - 건조,맑음,단일로 - 기타,승용,여,67세,상해없음,보행자,여,90세,중상
3768,2020031800100096,2020년 3월 18일 08시,수요일,전라남도 순천시 월등면,중상사고,0,1,0,0,차대사람 - 기타,안전운전불이행,포장 - 건조,맑음,기타 - 기타,화물,남,37세,상해없음,보행자,남,53세,중상
3769,2020031800100252,2020년 3월 18일 14시,수요일,전라남도 완도군 완도읍,경상사고,0,0,1,0,차대사람 - 횡단중,안전운전불이행,포장 - 건조,맑음,기타 - 기타,승용,여,68세,상해없음,보행자,남,52세,경상
3770,2020031800100470,2020년 3월 18일 21시,수요일,전라남도 목포시 상동,경상사고,0,0,1,0,차대사람 - 횡단중,보행자보호의무위반,포장 - 건조,맑음,단일로 - 기타,승용,남,34세,상해없음,보행자,여,61세,경상
3771,2020031800100491,2020년 3월 18일 22시,수요일,전라남도 목포시 용당동,중상사고,0,1,0,0,차대사람 - 횡단중,보행자보호의무위반,포장 - 건조,맑음,교차로 - 교차로부근,승용,남,61세,상해없음,보행자,여,51세,중상
3772,2020031900100009,2020년 3월 19일 00시,목요일,전라남도 순천시 조례동,중상사고,0,1,0,0,차대사람 - 차도통행중,안전운전불이행,포장 - 건조,맑음,교차로 - 교차로안,승용,남,64세,상해없음,보행자,남,51세,중상
3773,2020031900100137,2020년 3월 19일 11시,목요일,전라남도 여수시 문수동,경상사고,0,0,1,0,차대사람 - 기타,안전운전불이행,포장 - 건조,맑음,단일로 - 기타,승용,여,49세,상해없음,보행자,여,42세,경상
3774,2020031900100347,2020년 3월 19일 18시,목요일,전라남도 목포시 동명동,경상사고,0,0,1,0,차대사람 - 보도통행중,기타,포장 - 건조,맑음,단일로 - 기타,승용,남,49세,상해없음,보행자,남,46세,경상
3775,2020032000100112,2020년 3월 20일 08시,금요일,전라남도 진도군 임회면,경상사고,0,0,1,0,차대사람 - 횡단중,안전운전불이행,포장 - 건조,맑음,교차로 - 교차로부근,승용,여,62세,상해없음,보행자,여,76세,경상