,사고번호,사고일시,요일,시군구,사고내용,사망자수,중상자수,경상자수,부상신고자수,사고유형,법규위반,노면상태,기상상태,도로형태,가해운전자 차종,가해운전자 성별,가해운전자 연령,가해운전자 상해정도,피해운전자 차종,피해운전자 성별,피해운전자 연령,피해운전자 상해정도
3776,2020032000100418,2020년 3월 20일 17시,금요일,전라남도 여수시 안산동,경상사고,0,0,1,0,차대사람 - 보도통행중,기타,포장 - 건조,맑음,기타 - 기타,화물,남,60세,상해없음,보행자,여,61세,경상
3777,2020032000100496,2020년 3월 20일 19시,금요일,전라남도 무안군 무안읍,경상사고,0,0,1,0,차대사람 - 횡단중,보행자보호의무위반,포장 - 건조,맑음,기타 - 기타,승용,남,54세,상해없음,보행자,여,52세,경상
3778,2020032000100578,2020년 3월 20일 22시,금요일,전라남도 순천시 매곡동,중상사고,0,1,0,0,차대사람 - 횡단중,안전운전불이행,포장 - 건조,맑음,교차로 - 교차로안,승용,남,28세,상해없음,보행자,남,70세,중상
3779,2020032100100150,2020년 3월 21일 10시,토요일,전라남도 목포시 산정동,경상사고,0,0,1,0,차대사람 - 차도통행중,안전운전불이행,포장 - 건조,맑음,단일로 - 기타,화물,남,80세,상해없음,보행자,여,68세,경상
3780,2020032100100154,2020년 3월 21일 10시,토요일,전라남도 구례군 용방면,중상사고,0,1,0,0,차대사람 - 기타,안전운전불이행,포장 - 건조,맑음,단일로 - 기타,화물,남,62세,상해없음,보행자,남,87세,중상
3781,2020032100100289,2020년 3월 21일 14시,토요일,전라남도 목포시 용당동,경상사고,0,0,1,0,차대사람 - 차도통행중,안전운전불이행,포장 - 건조,맑음,교차로 - 교차로안,화물,남,42세,상해없음,보행자,여,69세,경상
3782,2020032100100510,2020년 3월 21일 21시,토요일,전라남도 완도군 신지면,부상신고사고,0,0,0,1,차대사람 - 기타,안전운전불이행,포장 - 건조,맑음,단일로 - 기타,기타불명,기타불명,미분류,기타불명,보행자,남,36세,부상신고
3783,2020032200100109,2020년 3월 22일 10시,일요일,전라남도 순천시 인제동,경상사고,0,0,1,0,차대사람 - 기타,안전운전불이행,포장 - 건조,맑음,단일로 - 기타,승용,여,37세,상해없음,보행자,여,38세,경상
3784,2020032200100172,2020년 3월 22일 13시,일요일,전라남도 목포시 상동,경상사고,0,0,1,0,차대사람 - 횡단중,안전운전불이행,포장 - 건조,맑음,단일로 - 기타,승용,여,51세,상해없음,보행자,남,3세,경상
3785,2020032300100056,2020년 3월 23일 07시,월요일,전라남도 완도군 보길면,중상사고,0,1,0,0,차대사람 - 횡단중,안전운전불이행,포장 - 건조,맑음,기타 - 기타,승용,여,41세,상해없음,보행자,여,74세,중상
3786,2020032300100424,2020년 3월 23일 18시,월요일,전라남도 고흥군 고흥읍,중상사고,0,1,0,0,차대사람 - 기타,안전운전불이행,포장 - 건조,맑음,단일로 - 기타,화물,남,66세,상해없음,보행자,여,49세,중상
3787,2020032400100010,2020년 3월 24일 00시,화요일,전라남도 광양시 옥곡면,경상사고,0,0,1,0,차대사람 - 차도통행중,안전운전불이행,포장 - 건조,맑음,단일로 - 기타,승용,남,47세,상해없음,보행자,남,57세,경상
3788,2020032400100099,2020년 3월 24일 08시,화요일,전라남도 고흥군 고흥읍,경상사고,0,0,1,0,차대사람 - 기타,안전운전불이행,포장 - 건조,맑음,단일로 - 기타,승용,여,26세,상해없음,보행자,남,46세,경상
3789,2020032400100496,2020년 3월 24일 20시,화요일,전라남도 목포시 석현동,경상사고,0,0,1,0,차대사람 - 기타,안전운전불이행,포장 - 건조,맑음,주차장 - 주차장,승용,남,63세,상해없음,보행자,남,63세,경상
3790,2020032500100091,2020년 3월 25일 08시,수요일,전라남도 영암군 군서면,중상사고,0,1,0,0,차대사람 - 길가장자리구역통행중,안전운전불이행,포장 - 건조,맑음,단일로 - 기타,승용,여,60세,상해없음,보행자,남,90세,중상
3791,2020032500100113,2020년 3월 25일 09시,수요일,전라남도 목포시 용당동,중상사고,0,1,0,0,차대사람 - 횡단중,보행자보호의무위반,포장 - 건조,맑음,단일로 - 기타,이륜,남,58세,상해없음,보행자,여,75세,중상
3792,2020032500100351,2020년 3월 25일 16시,수요일,전라남도 완도군 완도읍,중상사고,0,1,0,0,차대사람 - 기타,안전운전불이행,포장 - 건조,맑음,단일로 - 기타,승용,남,22세,상해없음,보행자,남,55세,중상
3793,2020032500100352,2020년 3월 25일 16시,수요일,전라남도 완도군 완도읍,경상사고,0,0,1,0,차대사람 - 기타,안전운전불이행,포장 - 건조,맑음,단일로 - 기타,농기계,남,80세,상해없음,보행자,여,80세,경상
3794,2020032500100496,2020년 3월 25일 20시,수요일,전라남도 목포시 산정동,사망사고,1,0,0,0,차대사람 - 기타,안전운전불이행,포장 - 건조,맑음,단일로 - 기타,승용,남,65세,상해없음,보행자,남,50세,사망
3795,2020032500100573,2020년 3월 25일 23시,수요일,전라남도 여수시 돌산읍,경상사고,0,0,1,0,차대사람 - 기타,안전운전불이행,포장 - 건조,맑음,기타 - 기타,화물,남,49세,상해없음,보행자,남,30세,경상
3796,2020032700100468,2020년 3월 27일 19시,금요일,전라남도 여수시 신기동,경상사고,0,0,1,0,차대사람 - 차도통행중,안전운전불이행,포장 - 건조,맑음,교차로 - 교차로부근,화물,남,62세,상해없음,보행자,남,46세,경상
3797,2020032800100125,2020년 3월 28일 09시,토요일,전라남도 보성군 보성읍,중상사고,0,1,0,0,차대사람 - 횡단중,안전운전불이행,포장 - 건조,맑음,단일로 - 기타,승용,남,26세,상해없음,보행자,여,72세,중상
3798,2020032800100410,2020년 3월 28일 19시,토요일,전라남도 순천시 장천동,중상사고,0,1,0,0,차대사람 - 횡단중,안전운전불이행,포장 - 건조,맑음,단일로 - 기타,승용,남,49세,상해없음,보행자,남,63세,중상
3799,2020032900100106,2020년 3월 29일 10시,일요일,전라남도 광양시 다압면,사망사고,1,0,0,0,차대사람 - 횡단중,안전운전불이행,포장 - 건조,맑음,교차로 - 교차로안,승용,남,58세,상해없음,보행자,남,79세,사망
3800,2020032900100124,2020년 3월 29일 11시,일요일,전라남도 해남군 문내면,경상사고,0,0,1,0,차대사람 - 기타,안전운전불이행,포장 - 건조,맑음,교차로 - 교차로안,승합,남,52세,상해없음,보행자,남,72세,경상
3801,2020032900100145,2020년 3월 29일 12시,일요일,전라남도 여수시 학동,중상사고,0,1,0,0,차대사람 - 횡단중,보행자보호의무위반,포장 - 건조,맑음,교차로 - 교차로안,승용,여,44세,상해없음,보행자,여,57세,중상
3802,2020032900100325,2020년 3월 29일 20시,일요일,전라남도 무안군 무안읍,경상사고,0,0,1,0,차대사람 - 기타,교차로운행방법위반,포장 - 건조,맑음,기타 - 기타,승용,여,43세,상해없음,보행자,남,40세,경상
3803,2020033000100123,2020년 3월 30일 09시,월요일,전라남도 담양군 대전면,중상사고,0,1,0,0,차대사람 - 기타,안전운전불이행,포장 - 건조,맑음,기타 - 기타,승용,남,57세,상해없음,보행자,여,83세,중상
3804,2020033000100274,2020년 3월 30일 14시,월요일,전라남도 순천시 저전동,경상사고,0,0,1,0,차대사람 - 기타,안전운전불이행,포장 - 건조,맑음,단일로 - 기타,기타불명,여,58세,상해없음,보행자,여,23세,경상
3805,2020033000100458,2020년 3월 30일 19시,월요일,전라남도 여수시 소라면,중상사고,0,1,0,0,차대사람 - 횡단중,안전운전불이행,포장 - 건조,맑음,단일로 - 기타,승용,남,32세,상해없음,보행자,남,68세,중상
3806,2020033000100459,2020년 3월 30일 19시,월요일,전라남도 순천시 조례동,경상사고,0,0,1,0,차대사람 - 차도통행중,안전운전불이행,포장 - 건조,맑음,단일로 - 기타,승용,남,22세,상해없음,보행자,남,60세,경상
3807,2020033100100418,2020년 3월 31일 18시,화요일,전라남도 여수시 학동,경상사고,0,0,1,0,차대사람 - 기타,안전운전불이행,포장 - 건조,맑음,단일로 - 기타,승합,남,59세,상해없음,보행자,남,63세,경상
3808,2020040100100031,2020년 4월 1일 02시,수요일,전라남도 여수시 문수동,중상사고,0,1,0,0,차대사람 - 횡단중,안전운전불이행,포장 - 건조,흐림,단일로 - 기타,승합,남,59세,상해없음,보행자,남,41세,중상
3809,2020040100100045,2020년 4월 1일 05시,수요일,전라남도 순천시 장천동,중상사고,0,1,0,0,차대사람 - 기타,안전운전불이행,포장 - 젖음/습기,비,단일로 - 기타,승합,남,57세,상해없음,보행자,남,58세,중상
3810,2020040100100135,2020년 4월 1일 10시,수요일,전라남도 목포시 석현동,경상사고,0,0,1,0,차대사람 - 기타,안전운전불이행,포장 - 건조,맑음,교차로 - 교차로부근,화물,남,61세,기타불명,보행자,여,74세,경상
3811,2020040100100164,2020년 4월 1일 11시,수요일,전라남도 여수시 여서동,경상사고,0,0,1,0,차대사람 - 횡단중,보행자보호의무위반,포장 - 건조,맑음,교차로 - 교차로횡단보도내,승용,남,74세,상해없음,보행자,여,56세,경상
3812,2020040200100159,2020년 4월 2일 10시,목요일,전라남도 화순군 화순읍,경상사고,0,0,1,0,차대사람 - 기타,안전운전불이행,포장 - 건조,맑음,단일로 - 기타,승용,여,22세,상해없음,보행자,여,55세,경상
3813,2020040200100195,2020년 4월 2일 11시,목요일,전라남도 강진군 강진읍,중상사고,0,1,0,0,차대사람 - 차도통행중,안전운전불이행,포장 - 건조,맑음,단일로 - 기타,승용,여,48세,상해없음,보행자,남,80세,중상
3814,2020040200100330,2020년 4월 2일 15시,목요일,전라남도 광양시 광양읍,경상사고,0,0,1,0,차대사람 - 보도통행중,보행자보호의무위반,포장 - 건조,맑음,교차로 - 교차로횡단보도내,화물,남,48세,상해없음,보행자,남,6세,경상
3815,2020040200100538,2020년 4월 2일 21시,목요일,전라남도 광양시 중동,부상신고사고,0,0,0,1,차대사람 - 길가장자리구역통행중,안전운전불이행,포장 - 건조,맑음,단일로 - 기타,승용,남,24세,상해없음,보행자,남,32세,부상신고
3816,2020040300100023,2020년 4월 3일 03시,금요일,전라남도 순천시 연향동,경상사고,0,0,1,0,차대사람 - 횡단중,신호위반,포장 - 건조,맑음,교차로 - 교차로횡단보도내,승용,여,60세,상해없음,보행자,남,21세,경상
3817,2020040300100142,2020년 4월 3일 10시,금요일,전라남도 여수시 봉계동,경상사고,0,0,1,0,차대사람 - 보도통행중,안전운전불이행,포장 - 건조,맑음,단일로 - 기타,화물,남,40세,상해없음,보행자,남,48세,경상
3818,2020040300100143,2020년 4월 3일 10시,금요일,전라남도 순천시 풍덕동,경상사고,0,0,1,0,차대사람 - 횡단중,보행자보호의무위반,포장 - 건조,맑음,교차로 - 교차로횡단보도내,화물,남,59세,상해없음,보행자,여,62세,경상
3819,2020040300100292,2020년 4월 3일 15시,금요일,전라남도 목포시 용당동,경상사고,0,0,1,0,차대사람 - 기타,안전운전불이행,포장 - 건조,맑음,기타 - 기타,승용,남,45세,상해없음,보행자,여,65세,경상
3820,2020040300100373,2020년 4월 3일 17시,금요일,전라남도 순천시 생목동,중상사고,0,1,0,0,차대사람 - 기타,안전운전불이행,포장 - 건조,맑음,기타 - 기타,승용,여,27세,상해없음,보행자,여,79세,중상
3821,2020040300100536,2020년 4월 3일 21시,금요일,전라남도 순천시 조례동,중상사고,0,1,0,0,차대사람 - 횡단중,보행자보호의무위반,포장 - 건조,맑음,교차로 - 교차로횡단보도내,승합,남,40세,상해없음,보행자,여,52세,중상
3822,2020040400100185,2020년 4월 4일 11시,토요일,전라남도 여수시 신기동,경상사고,0,0,1,0,차대사람 - 횡단중,안전운전불이행,포장 - 건조,맑음,단일로 - 기타,기타불명,기타불명,미분류,기타불명,보행자,남,35세,경상
3823,2020040400100328,2020년 4월 4일 15시,토요일,전라남도 완도군 금일읍,사망사고,1,0,0,0,차대사람 - 차도통행중,안전운전불이행,포장 - 건조,맑음,단일로 - 기타,화물,남,73세,기타불명,보행자,여,85세,사망
3824,2020040400100419,2020년 4월 4일 17시,토요일,전라남도 여수시 화정면,경상사고,0,0,1,0,차대사람 - 길가장자리구역통행중,기타,포장 - 건조,맑음,단일로 - 기타,승용,여,54세,상해없음,보행자,남,82세,경상
3825,2020040400100571,2020년 4월 4일 22시,토요일,전라남도 해남군 해남읍,중상사고,0,1,0,0,차대사람 - 횡단중,안전운전불이행,포장 - 건조,맑음,단일로 - 기타,승용,남,59세,상해없음,보행자,여,6세,중상
3826,2020040500100284,2020년 4월 5일 16시,일요일,전라남도 목포시 상동,경상사고,0,0,1,0,차대사람 - 차도통행중,안전운전불이행,포장 - 건조,맑음,단일로 - 기타,승용,남,60세,상해없음,보행자,남,45세,경상
3827,2020040600100035,2020년 4월 6일 05시,월요일,전라남도 목포시 상동,경상사고,0,0,1,0,차대사람 - 횡단중,안전운전불이행,포장 - 건조,맑음,교차로 - 교차로횡단보도내,승용,여,25세,기타불명,보행자,여,82세,경상
3828,2020040600100101,2020년 4월 6일 08시,월요일,전라남도 장흥군 장흥읍,중상사고,0,1,0,0,차대사람 - 길가장자리구역통행중,안전운전불이행,포장 - 건조,맑음,교차로 - 교차로안,화물,남,70세,상해없음,보행자,남,78세,중상
3829,2020040600100131,2020년 4월 6일 09시,월요일,전라남도 고흥군 동강면,중상사고,0,1,0,0,차대사람 - 기타,안전운전불이행,포장 - 건조,맑음,단일로 - 기타,승용,남,69세,상해없음,보행자,남,60세,중상
3830,2020040600100298,2020년 4월 6일 14시,월요일,전라남도 완도군 완도읍,중상사고,0,1,1,0,차대사람 - 기타,안전운전불이행,포장 - 건조,맑음,단일로 - 기타,승용,남,73세,상해없음,보행자,여,54세,중상
3831,2020040600100518,2020년 4월 6일 21시,월요일,전라남도 순천시 덕암동,경상사고,0,0,1,0,차대사람 - 기타,안전운전불이행,포장 - 건조,맑음,교차로 - 교차로안,승용,여,52세,상해없음,보행자,남,79세,경상
3832,2020040700100325,2020년 4월 7일 16시,화요일,전라남도 여수시 선원동,경상사고,0,0,1,0,차대사람 - 길가장자리구역통행중,안전운전불이행,포장 - 건조,맑음,단일로 - 기타,승용,여,53세,상해없음,보행자,남,68세,경상
3833,2020040700100481,2020년 4월 7일 20시,화요일,전라남도 여수시 서교동,부상신고사고,0,0,0,1,차대사람 - 기타,안전운전불이행,포장 - 건조,맑음,단일로 - 기타,승합,남,65세,기타불명,보행자,여,58세,부상신고
3834,2020040800100109,2020년 4월 8일 08시,수요일,전라남도 목포시 산정동,부상신고사고,0,0,0,1,차대사람 - 기타,안전운전불이행,포장 - 건조,맑음,단일로 - 기타,승용,여,36세,상해없음,보행자,남,31세,부상신고
3835,2020040800100170,2020년 4월 8일 10시,수요일,전라남도 완도군 완도읍,경상사고,0,0,1,0,차대사람 - 기타,안전운전불이행,포장 - 건조,맑음,단일로 - 기타,화물,여,47세,상해없음,보행자,여,72세,경상
3836,2020040800100259,2020년 4월 8일 13시,수요일,전라남도 담양군 대전면,경상사고,0,0,1,0,차대사람 - 기타,안전운전불이행,포장 - 건조,맑음,단일로 - 기타,승합,여,36세,상해없음,보행자,남,60세,경상
3837,2020040900100042,2020년 4월 9일 05시,목요일,전라남도 고흥군 금산면,중상사고,0,1,0,0,차대사람 - 횡단중,안전운전불이행,포장 - 건조,맑음,단일로 - 기타,승합,여,53세,상해없음,보행자,여,79세,중상
3838,2020040900100157,2020년 4월 9일 10시,목요일,전라남도 목포시 상동,부상신고사고,0,0,0,1,차대사람 - 기타,안전운전불이행,포장 - 건조,맑음,단일로 - 기타,승용,여,49세,상해없음,보행자,남,31세,부상신고
3839,2020040900100256,2020년 4월 9일 13시,목요일,전라남도 순천시 해룡면,경상사고,0,0,1,0,차대사람 - 횡단중,안전운전불이행,포장 - 건조,맑음,단일로 - 기타,승용,여,43세,상해없음,보행자,여,27세,경상
3840,2020040900100417,2020년 4월 9일 17시,목요일,전라남도 여수시 봉산동,경상사고,0,0,1,0,차대사람 - 차도통행중,안전운전불이행,포장 - 건조,맑음,단일로 - 기타,승용,남,70세,상해없음,보행자,여,58세,경상
3841,2020040900100522,2020년 4월 9일 20시,목요일,전라남도 여수시 학동,중상사고,0,2,1,0,차대사람 - 차도통행중,안전운전불이행,포장 - 건조,맑음,교차로 - 교차로부근,이륜,남,18세,중상,보행자,남,61세,중상
3842,2020041000100023,2020년 4월 10일 01시,금요일,전라남도 여수시 여서동,경상사고,0,0,1,0,차대사람 - 기타,안전운전불이행,포장 - 건조,맑음,기타 - 기타,승용,남,64세,상해없음,보행자,남,40세,경상
3843,2020041000100132,2020년 4월 10일 09시,금요일,전라남도 강진군 칠량면,부상신고사고,0,0,0,1,차대사람 - 횡단중,안전운전불이행,포장 - 건조,맑음,교차로 - 교차로안,화물,남,53세,상해없음,보행자,남,79세,부상신고
3844,2020041000100154,2020년 4월 10일 10시,금요일,전라남도 장흥군 장흥읍,중상사고,0,1,0,0,차대사람 - 횡단중,안전운전불이행,포장 - 건조,맑음,단일로 - 기타,승용,남,65세,상해없음,보행자,남,46세,중상
3845,2020041000100227,2020년 4월 10일 12시,금요일,전라남도 여수시 율촌면,경상사고,0,0,1,0,차대사람 - 기타,안전운전불이행,포장 - 건조,맑음,단일로 - 기타,승용,여,30세,상해없음,보행자,남,25세,경상
3846,2020041100100022,2020년 4월 11일 01시,토요일,전라남도 여수시 학동,경상사고,0,0,2,0,차대사람 - 길가장자리구역통행중,안전운전불이행,포장 - 건조,맑음,단일로 - 기타,승용,남,19세,상해없음,보행자,남,29세,경상
3847,2020041100100116,2020년 4월 11일 09시,토요일,전라남도 목포시 상동,중상사고,0,1,0,0,차대사람 - 기타,안전운전불이행,포장 - 젖음/습기,비,기타 - 기타,승용,여,55세,기타불명,보행자,남,56세,중상
3848,2020041100100430,2020년 4월 11일 18시,토요일,전라남도 여수시 미평동,경상사고,0,0,1,0,차대사람 - 보도통행중,안전운전불이행,포장 - 건조,흐림,교차로 - 교차로부근,승용,여,60세,상해없음,보행자,여,54세,경상
3849,2020041100100524,2020년 4월 11일 21시,토요일,전라남도 광양시 광양읍,경상사고,0,0,1,0,차대사람 - 차도통행중,교차로운행방법위반,포장 - 젖음/습기,비,교차로 - 교차로부근,이륜,남,42세,상해없음,보행자,남,50세,경상
3850,2020041200100008,2020년 4월 12일 00시,일요일,전라남도 여수시 봉산동,경상사고,0,0,1,0,차대사람 - 길가장자리구역통행중,안전운전불이행,포장 - 젖음/습기,비,단일로 - 기타,승용,여,41세,상해없음,보행자,남,37세,경상
3851,2020041200100103,2020년 4월 12일 09시,일요일,전라남도 순천시 조례동,경상사고,0,0,1,0,차대사람 - 길가장자리구역통행중,안전운전불이행,포장 - 건조,맑음,단일로 - 기타,승용,여,42세,상해없음,보행자,여,32세,경상
3852,2020041200100146,2020년 4월 12일 11시,일요일,전라남도 순천시 풍덕동,경상사고,0,0,1,0,차대사람 - 기타,안전운전불이행,포장 - 건조,맑음,교차로 - 교차로부근,화물,남,61세,상해없음,보행자,남,54세,경상
3853,2020041200100241,2020년 4월 12일 15시,일요일,전라남도 목포시 상동,경상사고,0,0,1,0,차대사람 - 기타,안전운전불이행,포장 - 건조,맑음,단일로 - 기타,승용,남,26세,상해없음,보행자,남,22세,경상
3854,2020041200100394,2020년 4월 12일 21시,일요일,전라남도 광양시 도이동,사망사고,1,0,0,0,차대사람 - 기타,안전운전불이행,포장 - 건조,흐림,단일로 - 교량,승용,남,48세,상해없음,보행자,남,54세,사망
3855,2020041300100081,2020년 4월 13일 08시,월요일,전라남도 구례군 구례읍,경상사고,0,0,1,0,차대사람 - 차도통행중,안전운전불이행,포장 - 건조,맑음,교차로 - 교차로안,승용,여,26세,상해없음,보행자,여,51세,경상
3856,2020041300100120,2020년 4월 13일 09시,월요일,전라남도 완도군 노화읍,경상사고,0,0,1,0,차대사람 - 기타,안전운전불이행,포장 - 건조,맑음,단일로 - 기타,화물,남,42세,기타불명,보행자,여,85세,경상
3857,2020041400100313,2020년 4월 14일 15시,화요일,전라남도 순천시 저전동,중상사고,0,1,0,0,차대사람 - 기타,신호위반,포장 - 건조,맑음,교차로 - 교차로안,승용,여,50세,기타불명,보행자,여,86세,중상
3858,2020041400100547,2020년 4월 14일 21시,화요일,전라남도 순천시 풍덕동,경상사고,0,0,1,0,차대사람 - 길가장자리구역통행중,안전운전불이행,포장 - 건조,맑음,단일로 - 기타,화물,남,55세,상해없음,보행자,남,27세,경상
3859,2020041500100095,2020년 4월 15일 08시,수요일,전라남도 완도군 완도읍,경상사고,0,0,1,0,차대사람 - 기타,안전운전불이행,포장 - 젖음/습기,맑음,기타 - 기타,화물,남,67세,상해없음,보행자,여,77세,경상
3860,2020041500100131,2020년 4월 15일 10시,수요일,전라남도 순천시 매곡동,중상사고,0,1,0,0,차대사람 - 횡단중,보행자보호의무위반,포장 - 건조,맑음,교차로 - 교차로횡단보도내,승용,남,21세,상해없음,보행자,남,77세,중상
3861,2020041500100421,2020년 4월 15일 20시,수요일,전라남도 순천시 해룡면,경상사고,0,0,1,0,차대사람 - 기타,안전운전불이행,포장 - 건조,맑음,기타 - 기타,자전거,남,39세,상해없음,보행자,남,4세,경상
3862,2020041600100088,2020년 4월 16일 08시,목요일,전라남도 함평군 나산면,중상사고,0,1,0,0,차대사람 - 기타,기타,포장 - 건조,맑음,교차로 - 교차로부근,승합,남,49세,상해없음,보행자,여,60세,중상
3863,2020041600100211,2020년 4월 16일 13시,목요일,전라남도 여수시 공화동,중상사고,0,1,0,0,차대사람 - 횡단중,보행자보호의무위반,포장 - 건조,맑음,교차로 - 교차로횡단보도내,승용,남,35세,상해없음,보행자,남,79세,중상
3864,2020041600100315,2020년 4월 16일 16시,목요일,전라남도 무안군 해제면,중상사고,0,1,0,0,차대사람 - 차도통행중,안전운전불이행,포장 - 건조,맑음,교차로 - 교차로안,승용,남,53세,상해없음,보행자,여,69세,중상
3865,2020041600100344,2020년 4월 16일 17시,목요일,전라남도 순천시 조곡동,경상사고,0,0,1,0,차대사람 - 기타,안전운전불이행,포장 - 건조,맑음,단일로 - 기타,승용,남,59세,상해없음,보행자,남,73세,경상
3866,2020041800100175,2020년 4월 18일 11시,토요일,전라남도 여수시 문수동,중상사고,0,1,0,0,차대사람 - 횡단중,안전운전불이행,포장 - 젖음/습기,비,교차로 - 교차로부근,승용,여,64세,상해없음,보행자,여,43세,중상
3867,2020041800100248,2020년 4월 18일 13시,토요일,전라남도 순천시 가곡동,중상사고,0,1,0,0,차대사람 - 보도통행중,기타,포장 - 건조,맑음,단일로 - 기타,승용,남,41세,상해없음,보행자,남,40세,중상
3868,2020041800100392,2020년 4월 18일 17시,토요일,전라남도 목포시 상동,경상사고,0,0,1,0,차대사람 - 기타,안전운전불이행,포장 - 건조,맑음,단일로 - 기타,승용,여,61세,상해없음,보행자,여,39세,경상
3869,2020041900100377,2020년 4월 19일 21시,일요일,전라남도 목포시 용당동,중상사고,0,1,0,0,차대사람 - 기타,안전운전불이행,포장 - 젖음/습기,비,단일로 - 기타,승용,남,66세,상해없음,보행자,여,58세,중상
3870,2020041900100379,2020년 4월 19일 21시,일요일,전라남도 보성군 득량면,중상사고,0,1,0,0,차대사람 - 길가장자리구역통행중,안전운전불이행,포장 - 젖음/습기,비,단일로 - 기타,화물,남,61세,상해없음,보행자,남,84세,중상
3871,2020042000100142,2020년 4월 20일 10시,월요일,전라남도 해남군 해남읍,중상사고,0,1,0,0,차대사람 - 기타,안전운전불이행,포장 - 건조,맑음,교차로 - 교차로부근,승용,여,45세,기타불명,보행자,여,56세,중상
3872,2020042000100273,2020년 4월 20일 14시,월요일,전라남도 장흥군 대덕읍,경상사고,0,0,1,0,차대사람 - 차도통행중,안전운전불이행,포장 - 건조,맑음,단일로 - 기타,화물,남,49세,상해없음,보행자,여,55세,경상
3873,2020042000100345,2020년 4월 20일 16시,월요일,전라남도 여수시 소라면,중상사고,0,1,0,0,차대사람 - 횡단중,안전운전불이행,포장 - 건조,맑음,단일로 - 기타,승용,여,54세,상해없음,보행자,남,5세,중상
3874,2020042000100470,2020년 4월 20일 20시,월요일,전라남도 광양시 마동,중상사고,0,1,0,0,차대사람 - 횡단중,신호위반,포장 - 건조,맑음,교차로 - 교차로안,승용,남,26세,상해없음,보행자,남,15세,중상
3875,2020042100100297,2020년 4월 21일 15시,화요일,전라남도 장흥군 장흥읍,경상사고,0,0,1,0,차대사람 - 길가장자리구역통행중,안전운전불이행,포장 - 건조,맑음,단일로 - 기타,승용,여,73세,상해없음,보행자,남,6세,경상
3876,2020042200100157,2020년 4월 22일 10시,수요일,전라남도 여수시 문수동,중상사고,0,1,0,0,차대사람 - 차도통행중,안전운전불이행,포장 - 건조,맑음,교차로 - 교차로횡단보도내,승용,남,65세,상해없음,보행자,여,65세,중상
3877,2020042200100158,2020년 4월 22일 10시,수요일,전라남도 해남군 북평면,경상사고,0,0,1,0,차대사람 - 기타,안전운전불이행,포장 - 건조,맑음,주차장 - 주차장,화물,남,69세,상해없음,보행자,여,79세,경상
3878,2020042200100493,2020년 4월 22일 21시,수요일,전라남도 담양군 담양읍,경상사고,0,0,2,0,차대사람 - 횡단중,보행자보호의무위반,포장 - 건조,맑음,교차로 - 교차로횡단보도내,승용,남,59세,상해없음,보행자,남,48세,경상
3879,2020042300100058,2020년 4월 23일 06시,목요일,전라남도 목포시 옥암동,경상사고,0,0,1,0,차대사람 - 차도통행중,안전운전불이행,포장 - 건조,기타,단일로 - 기타,승용,남,47세,상해없음,보행자,남,20세,경상
3880,2020042300100190,2020년 4월 23일 11시,목요일,전라남도 목포시 용해동,중상사고,0,1,0,0,차대사람 - 기타,안전운전불이행,포장 - 건조,맑음,기타 - 기타,승합,남,62세,상해없음,보행자,남,28세,중상
3881,2020042300100255,2020년 4월 23일 14시,목요일,전라남도 구례군 용방면,중상사고,0,1,0,0,차대사람 - 차도통행중,안전운전불이행,포장 - 건조,맑음,단일로 - 기타,승용,남,44세,상해없음,보행자,여,77세,중상
3882,2020042300100292,2020년 4월 23일 15시,목요일,전라남도 화순군 화순읍,중상사고,0,1,0,0,차대사람 - 기타,안전운전불이행,포장 - 건조,맑음,교차로 - 교차로안,화물,남,61세,상해없음,보행자,남,79세,중상
3883,2020042300100419,2020년 4월 23일 18시,목요일,전라남도 광양시 광양읍,경상사고,0,0,1,0,차대사람 - 횡단중,안전운전불이행,포장 - 건조,맑음,기타 - 기타,승용,여,19세,상해없음,보행자,여,73세,경상
3884,2020042400100278,2020년 4월 24일 13시,금요일,전라남도 순천시 풍덕동,경상사고,0,0,1,0,차대사람 - 기타,안전운전불이행,포장 - 건조,맑음,단일로 - 기타,승용,남,75세,상해없음,보행자,남,63세,경상
3885,2020042400100309,2020년 4월 24일 14시,금요일,전라남도 순천시 조례동,경상사고,0,0,1,0,차대사람 - 기타,교차로운행방법위반,포장 - 건조,맑음,교차로 - 교차로안,승용,남,60세,상해없음,보행자,남,6세,경상
3886,2020042500100194,2020년 4월 25일 11시,토요일,전라남도 나주시 이창동,중상사고,0,1,0,0,차대사람 - 횡단중,안전운전불이행,포장 - 건조,맑음,단일로 - 기타,승용,여,61세,상해없음,보행자,남,59세,중상
3887,2020042600100023,2020년 4월 26일 01시,일요일,전라남도 목포시 용해동,경상사고,0,0,2,0,차대사람 - 횡단중,보행자보호의무위반,포장 - 건조,맑음,교차로 - 교차로횡단보도내,이륜,남,35세,상해없음,보행자,여,7세,경상