,사고번호,사고일시,요일,시군구,사고내용,사망자수,중상자수,경상자수,부상신고자수,사고유형,법규위반,노면상태,기상상태,도로형태,가해운전자 차종,가해운전자 성별,가해운전자 연령,가해운전자 상해정도,피해운전자 차종,피해운전자 성별,피해운전자 연령,피해운전자 상해정도
4224,2020071500100231,2020년 7월 15일 12시,수요일,전라남도 신안군 압해읍,중상사고,0,1,0,0,차대사람 - 길가장자리구역통행중,안전운전불이행,포장 - 건조,맑음,단일로 - 기타,승용,남,69세,상해없음,보행자,남,30세,중상
4225,2020071500100416,2020년 7월 15일 17시,수요일,전라남도 여수시 봉계동,중상사고,0,1,0,0,차대사람 - 차도통행중,안전운전불이행,포장 - 건조,맑음,단일로 - 기타,화물,남,37세,상해없음,보행자,여,8세,중상
4226,2020071500100605,2020년 7월 15일 22시,수요일,전라남도 광양시 중동,중상사고,0,1,0,0,차대사람 - 횡단중,안전운전불이행,포장 - 젖음/습기,비,교차로 - 교차로횡단보도내,승용,여,53세,상해없음,보행자,남,41세,중상
4227,2020071600100291,2020년 7월 16일 13시,목요일,전라남도 보성군 벌교읍,경상사고,0,0,1,0,차대사람 - 차도통행중,안전운전불이행,포장 - 건조,맑음,단일로 - 기타,승용,여,68세,상해없음,보행자,여,63세,경상
4228,2020071700100138,2020년 7월 17일 09시,금요일,전라남도 순천시 조례동,경상사고,0,0,1,0,차대사람 - 횡단중,보행자보호의무위반,포장 - 건조,맑음,교차로 - 교차로안,화물,남,22세,상해없음,보행자,여,32세,경상
4229,2020071700100513,2020년 7월 17일 18시,금요일,전라남도 순천시 연향동,경상사고,0,0,1,0,차대사람 - 횡단중,보행자보호의무위반,포장 - 건조,맑음,단일로 - 기타,승용,남,64세,상해없음,보행자,여,30세,경상
4230,2020071700100514,2020년 7월 17일 18시,금요일,전라남도 담양군 가사문학면,사망사고,1,0,0,0,차대사람 - 기타,중앙선침범,포장 - 건조,맑음,단일로 - 기타,화물,남,51세,상해없음,보행자,남,67세,사망
4231,2020071700100515,2020년 7월 17일 18시,금요일,전라남도 광양시 광양읍,부상신고사고,0,0,0,1,차대사람 - 차도통행중,안전운전불이행,포장 - 건조,맑음,단일로 - 기타,승용,남,52세,상해없음,보행자,남,54세,부상신고
4232,2020071700100648,2020년 7월 17일 21시,금요일,전라남도 해남군 화원면,사망사고,1,0,0,0,차대사람 - 차도통행중,안전운전불이행,포장 - 건조,맑음,단일로 - 기타,승용,남,38세,상해없음,보행자,여,81세,사망
4233,2020071700100677,2020년 7월 17일 22시,금요일,전라남도 목포시 용해동,중상사고,0,1,0,0,차대사람 - 횡단중,안전운전불이행,포장 - 건조,맑음,교차로 - 교차로부근,승용,남,31세,상해없음,보행자,여,19세,중상
4234,2020071700100678,2020년 7월 17일 22시,금요일,전라남도 여수시 여서동,중상사고,0,1,0,0,차대사람 - 기타,안전운전불이행,포장 - 건조,맑음,단일로 - 기타,승용,남,57세,상해없음,보행자,남,44세,중상
4235,2020071800100010,2020년 7월 18일 00시,토요일,전라남도 여수시 학동,중상사고,0,1,0,0,차대사람 - 기타,안전운전불이행,포장 - 건조,맑음,교차로 - 교차로부근,승용,남,42세,상해없음,보행자,남,57세,중상
4236,2020071800100021,2020년 7월 18일 01시,토요일,전라남도 여수시 문수동,경상사고,0,0,1,0,차대사람 - 횡단중,안전운전불이행,포장 - 건조,맑음,교차로 - 교차로안,승용,남,73세,상해없음,보행자,남,21세,경상
4237,2020071800100095,2020년 7월 18일 07시,토요일,전라남도 해남군 현산면,중상사고,0,1,0,0,차대사람 - 차도통행중,안전운전불이행,포장 - 건조,흐림,단일로 - 기타,화물,남,58세,상해없음,보행자,남,48세,중상
4238,2020071800100194,2020년 7월 18일 11시,토요일,전라남도 목포시 산정동,경상사고,0,0,1,0,차대사람 - 횡단중,안전운전불이행,포장 - 건조,맑음,단일로 - 기타,승용,여,57세,상해없음,보행자,여,65세,경상
4239,2020071900100189,2020년 7월 19일 13시,일요일,전라남도 여수시 봉산동,경상사고,0,0,1,0,차대사람 - 차도통행중,안전운전불이행,포장 - 젖음/습기,비,교차로 - 교차로안,승용,남,32세,상해없음,보행자,여,63세,경상
4240,2020071900100264,2020년 7월 19일 16시,일요일,전라남도 해남군 송지면,중상사고,0,1,0,0,차대사람 - 기타,안전운전불이행,비포장 - 건조,맑음,단일로 - 기타,화물,남,22세,상해없음,보행자,남,70세,중상
4241,2020071900100285,2020년 7월 19일 17시,일요일,전라남도 화순군 화순읍,중상사고,0,1,0,0,차대사람 - 차도통행중,안전운전불이행,포장 - 건조,맑음,교차로 - 교차로안,승용,남,38세,상해없음,보행자,여,10세,중상
4242,2020072000100105,2020년 7월 20일 08시,월요일,전라남도 고흥군 과역면,경상사고,0,0,1,0,차대사람 - 기타,안전운전불이행,포장 - 젖음/습기,흐림,단일로 - 기타,승용,남,24세,상해없음,보행자,여,90세,경상
4243,2020072000100195,2020년 7월 20일 11시,월요일,전라남도 여수시 교동,중상사고,0,1,0,0,차대사람 - 길가장자리구역통행중,안전운전불이행,포장 - 건조,맑음,단일로 - 기타,승용,남,60세,상해없음,보행자,여,58세,중상
4244,2020072100100208,2020년 7월 21일 11시,화요일,전라남도 여수시 학동,경상사고,0,0,1,0,차대사람 - 횡단중,안전운전불이행,포장 - 건조,맑음,교차로 - 교차로안,승용,여,60세,상해없음,보행자,남,77세,경상
4245,2020072200100445,2020년 7월 22일 17시,수요일,전라남도 나주시 중앙동,경상사고,0,0,1,0,차대사람 - 기타,안전운전불이행,포장 - 젖음/습기,비,교차로 - 교차로안,화물,남,62세,상해없음,보행자,남,44세,경상
4246,2020072300100317,2020년 7월 23일 15시,목요일,전라남도 목포시 상동,경상사고,0,0,1,0,차대사람 - 횡단중,신호위반,포장 - 젖음/습기,흐림,교차로 - 교차로횡단보도내,이륜,남,45세,상해없음,보행자,여,64세,경상
4247,2020072300100546,2020년 7월 23일 20시,목요일,전라남도 영광군 홍농읍,경상사고,0,0,1,0,차대사람 - 횡단중,안전운전불이행,포장 - 젖음/습기,흐림,교차로 - 교차로부근,승용,남,53세,상해없음,보행자,여,68세,경상
4248,2020072500100075,2020년 7월 25일 03시,토요일,전라남도 순천시 연향동,경상사고,0,0,2,0,차대사람 - 차도통행중,안전운전불이행,포장 - 건조,맑음,단일로 - 기타,승용,남,37세,상해없음,보행자,여,47세,경상
4249,2020072500100118,2020년 7월 25일 07시,토요일,전라남도 여수시 둔덕동,사망사고,1,0,0,0,차대사람 - 횡단중,보행자보호의무위반,포장 - 젖음/습기,흐림,교차로 - 교차로안,화물,남,58세,상해없음,보행자,여,80세,사망
4250,2020072500100438,2020년 7월 25일 17시,토요일,전라남도 여수시 남면,중상사고,0,1,0,0,차대사람 - 차도통행중,안전운전불이행,포장 - 건조,맑음,단일로 - 기타,승용,남,32세,상해없음,보행자,남,51세,중상
4251,2020072600100123,2020년 7월 26일 10시,일요일,전라남도 목포시 산정동,경상사고,0,0,1,0,차대사람 - 보도통행중,안전운전불이행,포장 - 건조,맑음,단일로 - 기타,승용,남,51세,상해없음,보행자,남,63세,경상
4252,2020072600100144,2020년 7월 26일 11시,일요일,전라남도 여수시 봉산동,중상사고,0,1,0,0,차대사람 - 기타,안전운전불이행,포장 - 건조,맑음,단일로 - 기타,승용,여,28세,상해없음,보행자,남,72세,중상
4253,2020072600100233,2020년 7월 26일 14시,일요일,전라남도 고흥군 고흥읍,경상사고,0,0,1,0,차대사람 - 기타,안전운전불이행,포장 - 건조,맑음,단일로 - 기타,승합,남,41세,상해없음,보행자,남,39세,경상
4254,2020072600100298,2020년 7월 26일 16시,일요일,전라남도 영암군 미암면,중상사고,0,1,0,0,차대사람 - 기타,안전운전불이행,포장 - 건조,맑음,단일로 - 기타,농기계,남,75세,상해없음,보행자,여,70세,중상
4255,2020072600100325,2020년 7월 26일 17시,일요일,전라남도 영암군 삼호읍,중상사고,0,1,1,0,차대사람 - 기타,안전운전불이행,포장 - 건조,맑음,단일로 - 기타,이륜,남,14세,상해없음,보행자,여,56세,중상
4256,2020072700100011,2020년 7월 27일 01시,월요일,전라남도 나주시 빛가람동,경상사고,0,0,1,0,차대사람 - 횡단중,안전운전불이행,포장 - 건조,맑음,단일로 - 기타,승용,남,24세,상해없음,보행자,남,21세,경상
4257,2020072700100101,2020년 7월 27일 08시,월요일,전라남도 여수시 수정동,중상사고,0,1,0,0,차대사람 - 기타,안전운전불이행,포장 - 젖음/습기,흐림,교차로 - 교차로부근,화물,남,68세,상해없음,보행자,여,79세,중상
4258,2020072700100364,2020년 7월 27일 15시,월요일,전라남도 목포시 명륜동,경상사고,0,0,1,0,차대사람 - 기타,안전운전불이행,포장 - 젖음/습기,비,단일로 - 기타,승용,남,71세,상해없음,보행자,여,51세,경상
4259,2020072700100401,2020년 7월 27일 16시,월요일,전라남도 무안군 일로읍,중상사고,0,1,0,0,차대사람 - 기타,중앙선침범,포장 - 젖음/습기,비,단일로 - 기타,화물,남,24세,상해없음,보행자,남,83세,중상
4260,2020072700100596,2020년 7월 27일 22시,월요일,전라남도 목포시 상동,경상사고,0,0,1,0,차대사람 - 기타,안전운전불이행,포장 - 젖음/습기,기타,교차로 - 교차로안,승용,남,29세,상해없음,보행자,남,54세,경상
4261,2020072800100102,2020년 7월 28일 08시,화요일,전라남도 순천시 남정동,중상사고,0,1,0,0,차대사람 - 차도통행중,안전운전불이행,포장 - 건조,맑음,단일로 - 기타,승용,여,51세,상해없음,보행자,여,76세,중상
4262,2020072800100103,2020년 7월 28일 08시,화요일,전라남도 순천시 석현동,중상사고,0,1,0,0,차대사람 - 횡단중,신호위반,포장 - 건조,맑음,교차로 - 교차로횡단보도내,승용,남,42세,상해없음,보행자,여,13세,중상
4263,2020072800100291,2020년 7월 28일 15시,화요일,전라남도 순천시 용당동,중상사고,0,1,0,0,차대사람 - 기타,안전운전불이행,포장 - 건조,맑음,교차로 - 교차로안,승합,남,46세,상해없음,보행자,여,86세,중상
4264,2020072800100407,2020년 7월 28일 18시,화요일,전라남도 순천시 인제동,부상신고사고,0,0,0,1,차대사람 - 횡단중,보행자보호의무위반,포장 - 건조,맑음,교차로 - 교차로횡단보도내,승용,남,54세,상해없음,보행자,남,4세,부상신고
4265,2020072900100053,2020년 7월 29일 04시,수요일,전라남도 여수시 관문동,중상사고,0,2,0,0,차대사람 - 횡단중,안전운전불이행,포장 - 젖음/습기,비,단일로 - 기타,승용,남,63세,상해없음,보행자,여,71세,중상
4266,2020072900100087,2020년 7월 29일 07시,수요일,전라남도 광양시 광양읍,경상사고,0,0,1,0,차대사람 - 횡단중,안전운전불이행,포장 - 건조,맑음,단일로 - 기타,화물,남,52세,상해없음,보행자,남,80세,경상
4267,2020072900100309,2020년 7월 29일 14시,수요일,전라남도 목포시 옥암동,중상사고,0,1,0,0,차대사람 - 횡단중,보행자보호의무위반,포장 - 건조,맑음,교차로 - 교차로횡단보도내,승용,여,40세,상해없음,보행자,여,55세,중상
4268,2020073000100013,2020년 7월 30일 00시,목요일,전라남도 영암군 영암읍,사망사고,1,0,0,0,차대사람 - 차도통행중,안전운전불이행,포장 - 건조,맑음,단일로 - 기타,승용,남,56세,상해없음,보행자,남,77세,사망
4269,2020073000100156,2020년 7월 30일 10시,목요일,전라남도 영암군 삼호읍,경상사고,0,0,1,0,차대사람 - 보도통행중,보행자보호의무위반,포장 - 건조,맑음,단일로 - 기타,승용,여,32세,상해없음,보행자,남,51세,경상
4270,2020073000100257,2020년 7월 30일 13시,목요일,전라남도 여수시 여서동,경상사고,0,0,1,0,차대사람 - 횡단중,보행자보호의무위반,포장 - 건조,맑음,단일로 - 기타,승용,남,48세,상해없음,보행자,여,6세,경상
4271,2020073000100520,2020년 7월 30일 20시,목요일,전라남도 목포시 상동,사망사고,1,0,0,0,차대사람 - 횡단중,보행자보호의무위반,포장 - 건조,맑음,교차로 - 교차로안,승용,남,45세,상해없음,보행자,여,83세,사망
4272,2020073000100584,2020년 7월 30일 22시,목요일,전라남도 광양시 중동,부상신고사고,0,0,0,1,차대사람 - 기타,안전운전불이행,포장 - 젖음/습기,흐림,단일로 - 기타,승용,남,21세,상해없음,보행자,여,23세,부상신고
4273,2020073000100604,2020년 7월 30일 23시,목요일,전라남도 여수시 학동,부상신고사고,0,0,0,1,차대사람 - 기타,안전운전불이행,포장 - 건조,맑음,단일로 - 기타,승용,남,28세,상해없음,보행자,남,20세,부상신고
4274,2020073100100476,2020년 7월 31일 18시,금요일,전라남도 여수시 국동,중상사고,0,1,0,0,차대사람 - 차도통행중,안전운전불이행,포장 - 건조,흐림,단일로 - 기타,승합,여,48세,상해없음,보행자,여,70세,중상
4275,2020080100100335,2020년 8월 1일 15시,토요일,전라남도 순천시 조곡동,경상사고,0,0,1,0,차대사람 - 기타,안전운전불이행,포장 - 건조,맑음,기타 - 기타,승용,여,44세,상해없음,보행자,여,23세,경상
4276,2020080200100062,2020년 8월 2일 07시,일요일,전라남도 나주시 남평읍,경상사고,0,0,1,0,차대사람 - 기타,안전운전불이행,포장 - 건조,맑음,단일로 - 기타,승용,남,57세,상해없음,보행자,여,52세,경상
4277,2020080200100158,2020년 8월 2일 13시,일요일,전라남도 목포시 산정동,중상사고,0,1,0,0,차대사람 - 차도통행중,안전운전불이행,포장 - 건조,맑음,기타 - 기타,승용,여,48세,상해없음,보행자,여,59세,중상
4278,2020080200100159,2020년 8월 2일 13시,일요일,전라남도 여수시 돌산읍,중상사고,0,2,6,0,차대사람 - 길가장자리구역통행중,안전운전불이행,포장 - 건조,맑음,단일로 - 기타,승용,여,29세,상해없음,보행자,여,66세,경상
4279,2020080300100158,2020년 8월 3일 10시,월요일,전라남도 여수시 군자동,경상사고,0,0,1,0,차대사람 - 횡단중,보행자보호의무위반,포장 - 건조,맑음,단일로 - 기타,승용,남,64세,상해없음,보행자,여,58세,경상
4280,2020080300100374,2020년 8월 3일 16시,월요일,전라남도 여수시 종화동,중상사고,0,1,0,0,차대사람 - 차도통행중,안전운전불이행,포장 - 건조,맑음,단일로 - 기타,화물,남,71세,상해없음,보행자,여,29세,중상
4281,2020080300100486,2020년 8월 3일 19시,월요일,전라남도 담양군 담양읍,중상사고,0,1,0,0,차대사람 - 횡단중,보행자보호의무위반,포장 - 건조,맑음,교차로 - 교차로횡단보도내,승용,남,48세,상해없음,보행자,여,79세,중상
4282,2020080300100580,2020년 8월 3일 23시,월요일,전라남도 순천시 연향동,중상사고,0,1,0,0,차대사람 - 횡단중,보행자보호의무위반,포장 - 건조,흐림,단일로 - 기타,승용,남,72세,상해없음,보행자,여,17세,중상
4283,2020080300100581,2020년 8월 3일 23시,월요일,전라남도 순천시 생목동,경상사고,0,0,1,0,차대사람 - 기타,안전운전불이행,포장 - 건조,맑음,주차장 - 주차장,승용,남,62세,상해없음,보행자,여,27세,경상
4284,2020080400100020,2020년 8월 4일 01시,화요일,전라남도 여수시 문수동,경상사고,0,0,1,0,차대사람 - 횡단중,안전운전불이행,포장 - 건조,맑음,교차로 - 교차로부근,승용,남,49세,상해없음,보행자,여,27세,경상
4285,2020080500100088,2020년 8월 5일 08시,수요일,전라남도 나주시 세지면,경상사고,0,0,1,0,차대사람 - 횡단중,안전운전불이행,포장 - 젖음/습기,비,교차로 - 교차로안,승용,남,78세,상해없음,보행자,여,80세,경상
4286,2020080500100131,2020년 8월 5일 10시,수요일,전라남도 여수시 남면,경상사고,0,0,1,0,차대사람 - 기타,중앙선침범,포장 - 건조,맑음,단일로 - 기타,승용,남,66세,상해없음,보행자,남,57세,경상
4287,2020080500100238,2020년 8월 5일 13시,수요일,전라남도 순천시 조례동,중상사고,0,1,0,0,차대사람 - 차도통행중,안전운전불이행,포장 - 건조,맑음,교차로 - 교차로부근,원동기,남,25세,상해없음,보행자,여,24세,중상
4288,2020080600100062,2020년 8월 6일 04시,목요일,전라남도 여수시 신기동,중상사고,0,1,0,0,차대사람 - 기타,안전운전불이행,포장 - 젖음/습기,비,교차로 - 교차로부근,승용,남,37세,상해없음,보행자,남,23세,중상
4289,2020080600100211,2020년 8월 6일 11시,목요일,전라남도 순천시 용당동,중상사고,0,1,0,0,차대사람 - 차도통행중,안전운전불이행,포장 - 건조,맑음,교차로 - 교차로안,승용,여,61세,상해없음,보행자,여,73세,중상
4290,2020080600100274,2020년 8월 6일 13시,목요일,전라남도 여수시 서교동,경상사고,0,0,1,0,차대사람 - 횡단중,신호위반,포장 - 건조,맑음,교차로 - 교차로부근,승합,남,41세,상해없음,보행자,여,8세,경상
4291,2020080600100468,2020년 8월 6일 18시,목요일,전라남도 여수시 소호동,경상사고,0,0,1,0,차대사람 - 횡단중,보행자보호의무위반,포장 - 건조,맑음,단일로 - 기타,승용,남,37세,상해없음,보행자,남,6세,경상
4292,2020080600100515,2020년 8월 6일 20시,목요일,전라남도 나주시 산포면,사망사고,1,0,0,0,차대사람 - 기타,안전운전불이행,포장 - 젖음/습기,비,단일로 - 기타,화물,남,48세,상해없음,보행자,남,57세,사망
4293,2020080600100538,2020년 8월 6일 21시,목요일,전라남도 순천시 중앙동,중상사고,0,1,0,0,차대사람 - 횡단중,보행자보호의무위반,포장 - 건조,맑음,교차로 - 교차로부근,승용,남,64세,상해없음,보행자,여,67세,중상
4294,2020080600100583,2020년 8월 6일 23시,목요일,전라남도 여수시 학동,경상사고,0,0,1,0,차대사람 - 차도통행중,안전운전불이행,포장 - 건조,맑음,단일로 - 기타,승용,여,33세,상해없음,보행자,남,40세,경상
4295,2020080700100061,2020년 8월 7일 05시,금요일,전라남도 순천시 남정동,사망사고,1,0,0,0,차대사람 - 차도통행중,안전운전불이행,포장 - 젖음/습기,비,단일로 - 기타,승용,남,70세,상해없음,보행자,남,77세,사망
4296,2020080700100364,2020년 8월 7일 16시,금요일,전라남도 목포시 옥암동,중상사고,0,1,0,0,차대사람 - 기타,교차로운행방법위반,포장 - 젖음/습기,비,교차로 - 교차로안,승용,남,64세,상해없음,보행자,여,68세,중상
4297,2020080700100451,2020년 8월 7일 18시,금요일,전라남도 목포시 대성동,경상사고,0,0,1,0,차대사람 - 기타,안전운전불이행,포장 - 젖음/습기,비,교차로 - 교차로부근,승용,여,54세,상해없음,보행자,남,51세,경상
4298,2020080700100496,2020년 8월 7일 19시,금요일,전라남도 무안군 삼향읍,중상사고,0,1,1,0,차대사람 - 횡단중,보행자보호의무위반,포장 - 젖음/습기,비,교차로 - 교차로횡단보도내,승용,여,30세,상해없음,보행자,남,12세,중상
4299,2020080700100592,2020년 8월 7일 22시,금요일,전라남도 장성군 삼계면,부상신고사고,0,0,0,1,차대사람 - 길가장자리구역통행중,기타,포장 - 젖음/습기,비,단일로 - 기타,승용,남,41세,상해없음,보행자,남,17세,부상신고
4300,2020080800100188,2020년 8월 8일 11시,토요일,전라남도 보성군 벌교읍,중상사고,0,1,0,0,차대사람 - 기타,안전운전불이행,포장 - 건조,흐림,교차로 - 교차로안,승합,남,61세,상해없음,보행자,여,82세,중상
4301,2020080800100330,2020년 8월 8일 15시,토요일,전라남도 고흥군 고흥읍,경상사고,0,0,1,0,차대사람 - 기타,안전운전불이행,포장 - 건조,맑음,단일로 - 기타,승용,남,81세,상해없음,보행자,여,27세,경상
4302,2020080900100089,2020년 8월 9일 07시,일요일,전라남도 광양시 마동,중상사고,0,1,0,0,차대사람 - 기타,안전운전불이행,포장 - 젖음/습기,흐림,교차로 - 교차로안,승용,여,67세,상해없음,보행자,여,76세,중상
4303,2020080900100180,2020년 8월 9일 13시,일요일,전라남도 여수시 충무동,중상사고,0,1,0,0,차대사람 - 횡단중,안전운전불이행,포장 - 건조,맑음,교차로 - 교차로안,이륜,남,22세,상해없음,보행자,여,12세,중상
4304,2020080900100181,2020년 8월 9일 13시,일요일,전라남도 여수시 광무동,중상사고,0,1,0,0,차대사람 - 기타,기타,포장 - 건조,맑음,교차로 - 교차로부근,승합,남,32세,상해없음,보행자,여,83세,중상
4305,2020081000100314,2020년 8월 10일 15시,월요일,전라남도 목포시 산정동,경상사고,0,0,1,0,차대사람 - 차도통행중,안전운전불이행,포장 - 건조,맑음,단일로 - 기타,승용,여,61세,상해없음,보행자,남,60세,경상
4306,2020081000100522,2020년 8월 10일 21시,월요일,전라남도 강진군 강진읍,경상사고,0,0,1,0,차대사람 - 횡단중,보행자보호의무위반,포장 - 젖음/습기,흐림,교차로 - 교차로안,승용,남,55세,상해없음,보행자,남,23세,경상
4307,2020081100100077,2020년 8월 11일 06시,화요일,전라남도 목포시 용해동,경상사고,0,0,1,0,차대사람 - 기타,안전운전불이행,포장 - 건조,맑음,교차로 - 교차로안,승용,남,73세,상해없음,보행자,여,76세,경상
4308,2020081100100164,2020년 8월 11일 09시,화요일,전라남도 고흥군 고흥읍,경상사고,0,0,1,0,차대사람 - 기타,안전운전불이행,포장 - 건조,맑음,단일로 - 기타,승합,남,72세,상해없음,보행자,남,69세,경상
4309,2020081100100192,2020년 8월 11일 10시,화요일,전라남도 여수시 미평동,경상사고,0,0,1,0,차대사람 - 횡단중,보행자보호의무위반,포장 - 건조,맑음,단일로 - 기타,이륜,남,20세,상해없음,보행자,여,9세,경상
4310,2020081200100014,2020년 8월 12일 01시,수요일,전라남도 여수시 봉산동,경상사고,0,0,1,0,차대사람 - 횡단중,안전운전불이행,포장 - 젖음/습기,흐림,교차로 - 교차로안,승용,남,29세,상해없음,보행자,남,57세,경상
4311,2020081200100105,2020년 8월 12일 08시,수요일,전라남도 영광군 염산면,경상사고,0,0,1,0,차대사람 - 차도통행중,안전운전불이행,포장 - 젖음/습기,흐림,단일로 - 기타,승용,남,59세,상해없음,보행자,남,82세,경상
4312,2020081200100107,2020년 8월 12일 08시,수요일,전라남도 구례군 구례읍,중상사고,0,1,0,0,차대사람 - 기타,안전운전불이행,포장 - 건조,맑음,단일로 - 기타,승용,여,56세,상해없음,보행자,여,62세,중상
4313,2020081200100563,2020년 8월 12일 21시,수요일,전라남도 고흥군 동강면,중상사고,0,1,0,0,차대사람 - 기타,안전운전불이행,포장 - 건조,맑음,주차장 - 주차장,화물,남,43세,상해없음,보행자,남,60세,중상
4314,2020081300100254,2020년 8월 13일 13시,목요일,전라남도 목포시 용당동,경상사고,0,0,1,0,차대사람 - 기타,안전운전불이행,포장 - 건조,맑음,단일로 - 기타,승용,남,61세,상해없음,보행자,남,46세,경상
4315,2020081300100335,2020년 8월 13일 15시,목요일,전라남도 목포시 산정동,중상사고,0,1,0,0,차대사람 - 기타,안전운전불이행,포장 - 건조,맑음,단일로 - 기타,승용,남,57세,상해없음,보행자,여,76세,중상
4316,2020081300100378,2020년 8월 13일 16시,목요일,전라남도 화순군 이양면,중상사고,0,1,0,0,차대사람 - 기타,안전운전불이행,포장 - 건조,맑음,기타 - 기타,승용,남,75세,상해없음,보행자,여,85세,중상
4317,2020081300100416,2020년 8월 13일 17시,목요일,전라남도 여수시 문수동,경상사고,0,0,1,0,차대사람 - 횡단중,안전운전불이행,포장 - 건조,맑음,교차로 - 교차로안,승용,남,65세,상해없음,보행자,여,67세,경상
4318,2020081300100417,2020년 8월 13일 17시,목요일,전라남도 함평군 대동면,경상사고,0,0,1,0,차대사람 - 차도통행중,안전운전불이행,포장 - 건조,맑음,단일로 - 기타,승용,남,56세,상해없음,보행자,여,84세,경상
4319,2020081300100600,2020년 8월 13일 22시,목요일,전라남도 순천시 옥천동,경상사고,0,0,1,0,차대사람 - 차도통행중,기타,포장 - 건조,맑음,교차로 - 교차로부근,화물,남,49세,상해없음,보행자,남,56세,경상
4320,2020081400100142,2020년 8월 14일 09시,금요일,전라남도 순천시 주암면,사망사고,1,0,0,0,차대사람 - 기타,안전운전불이행,포장 - 건조,맑음,단일로 - 기타,승용,남,59세,상해없음,보행자,남,92세,사망
4321,2020081400100273,2020년 8월 14일 12시,금요일,전라남도 무안군 무안읍,경상사고,0,0,1,0,차대사람 - 기타,기타,포장 - 건조,맑음,기타 - 기타,승합,남,66세,상해없음,보행자,여,74세,경상
4322,2020081400100386,2020년 8월 14일 15시,금요일,전라남도 순천시 해룡면,경상사고,0,0,1,0,차대사람 - 기타,안전운전불이행,포장 - 건조,맑음,단일로 - 기타,승용,남,58세,상해없음,보행자,남,45세,경상
4323,2020081400100475,2020년 8월 14일 17시,금요일,전라남도 목포시 옥암동,중상사고,0,1,0,0,차대사람 - 차도통행중,안전운전불이행,포장 - 건조,맑음,단일로 - 기타,승용,남,61세,상해없음,보행자,여,20세,중상
4324,2020081400100477,2020년 8월 14일 17시,금요일,전라남도 해남군 송지면,경상사고,0,0,1,0,차대사람 - 횡단중,안전운전불이행,포장 - 건조,맑음,단일로 - 기타,승용,남,48세,상해없음,보행자,여,37세,경상
4325,2020081500100120,2020년 8월 15일 08시,토요일,전라남도 담양군 대전면,중상사고,0,1,0,0,차대사람 - 기타,안전운전불이행,포장 - 건조,맑음,주차장 - 주차장,화물,남,64세,상해없음,보행자,여,75세,중상
4326,2020081500100426,2020년 8월 15일 18시,토요일,전라남도 순천시 남정동,경상사고,0,0,1,0,차대사람 - 기타,교차로운행방법위반,포장 - 건조,맑음,교차로 - 교차로안,승용,여,28세,상해없음,보행자,남,52세,경상
4327,2020081500100463,2020년 8월 15일 19시,토요일,전라남도 장성군 북하면,중상사고,0,1,0,0,차대사람 - 횡단중,과속,포장 - 건조,흐림,단일로 - 기타,승용,남,24세,상해없음,보행자,여,88세,중상
4328,2020081600100137,2020년 8월 16일 10시,일요일,전라남도 무안군 일로읍,경상사고,0,0,1,0,차대사람 - 기타,안전운전불이행,포장 - 건조,맑음,교차로 - 교차로안,승용,남,50세,상해없음,보행자,남,49세,경상
4329,2020081600100324,2020년 8월 16일 16시,일요일,전라남도 광양시 다압면,경상사고,0,0,1,0,차대사람 - 기타,안전운전불이행,비포장 - 건조,맑음,기타 - 기타,승용,남,67세,상해없음,보행자,여,8세,경상
4330,2020081600100458,2020년 8월 16일 20시,일요일,전라남도 화순군 화순읍,경상사고,0,0,1,0,차대사람 - 기타,안전운전불이행,포장 - 건조,맑음,교차로 - 교차로안,승용,남,56세,상해없음,보행자,여,41세,경상
4331,2020081600100509,2020년 8월 16일 22시,일요일,전라남도 여수시 봉강동,경상사고,0,0,1,0,차대사람 - 차도통행중,안전운전불이행,포장 - 건조,맑음,단일로 - 기타,승용,여,37세,상해없음,보행자,여,13세,경상
4332,2020081600100533,2020년 8월 16일 23시,일요일,전라남도 순천시 조례동,경상사고,0,0,1,0,차대사람 - 보도통행중,교차로운행방법위반,포장 - 건조,맑음,교차로 - 교차로안,승용,남,25세,상해없음,보행자,여,18세,경상
4333,2020081700100008,2020년 8월 17일 00시,월요일,전라남도 목포시 상동,중상사고,0,1,0,0,차대사람 - 기타,안전운전불이행,포장 - 건조,맑음,주차장 - 주차장,승용,여,40세,상해없음,보행자,남,35세,중상
4334,2020081700100072,2020년 8월 17일 08시,월요일,전라남도 순천시 연향동,중상사고,0,1,0,0,차대사람 - 차도통행중,안전운전불이행,포장 - 건조,맑음,교차로 - 교차로부근,승용,여,29세,상해없음,보행자,여,72세,중상
4335,2020081700100155,2020년 8월 17일 11시,월요일,전라남도 순천시 덕암동,중상사고,0,1,0,0,차대사람 - 기타,안전운전불이행,포장 - 건조,맑음,교차로 - 교차로횡단보도내,승용,여,67세,상해없음,보행자,남,42세,중상