,사고번호,사고일시,요일,시군구,사고내용,사망자수,중상자수,경상자수,부상신고자수,사고유형,법규위반,노면상태,기상상태,도로형태,가해운전자 차종,가해운전자 성별,가해운전자 연령,가해운전자 상해정도,피해운전자 차종,피해운전자 성별,피해운전자 연령,피해운전자 상해정도
4336,2020081700100193,2020년 8월 17일 12시,월요일,전라남도 여수시 서교동,경상사고,0,0,1,0,차대사람 - 기타,안전운전불이행,포장 - 건조,맑음,단일로 - 기타,이륜,남,27세,상해없음,보행자,남,24세,경상
4337,2020081700100311,2020년 8월 17일 15시,월요일,전라남도 고흥군 두원면,중상사고,0,1,0,0,차대사람 - 기타,안전운전불이행,포장 - 건조,맑음,교차로 - 교차로부근,승용,남,70세,상해없음,보행자,여,89세,중상
4338,2020081700100351,2020년 8월 17일 16시,월요일,전라남도 구례군 마산면,중상사고,0,2,1,0,차대사람 - 횡단중,안전운전불이행,포장 - 건조,맑음,단일로 - 기타,이륜,남,81세,경상,보행자,남,66세,중상
4339,2020081700100468,2020년 8월 17일 19시,월요일,전라남도 구례군 구례읍,부상신고사고,0,0,0,1,차대사람 - 기타,안전운전불이행,포장 - 건조,맑음,단일로 - 기타,이륜,남,60세,상해없음,보행자,남,57세,부상신고
4340,2020081700100512,2020년 8월 17일 20시,월요일,전라남도 목포시 용해동,경상사고,0,0,1,0,차대사람 - 보도통행중,기타,포장 - 건조,맑음,단일로 - 기타,이륜,남,45세,상해없음,보행자,남,17세,경상
4341,2020081700100553,2020년 8월 17일 22시,월요일,전라남도 목포시 대성동,경상사고,0,0,1,0,차대사람 - 기타,안전운전불이행,포장 - 건조,맑음,교차로 - 교차로안,승용,여,31세,상해없음,보행자,남,48세,경상
4342,2020081800100064,2020년 8월 18일 07시,화요일,전라남도 장성군 동화면,중상사고,0,1,0,0,차대사람 - 기타,안전운전불이행,포장 - 건조,맑음,단일로 - 기타,화물,남,31세,상해없음,보행자,여,83세,중상
4343,2020081800100211,2020년 8월 18일 11시,화요일,전라남도 강진군 강진읍,경상사고,0,0,1,0,차대사람 - 기타,직진우회전진행방해,포장 - 건조,맑음,교차로 - 교차로안,승용,남,45세,상해없음,보행자,여,80세,경상
4344,2020081800100213,2020년 8월 18일 11시,화요일,전라남도 광양시 진상면,경상사고,0,0,1,0,차대사람 - 기타,안전운전불이행,포장 - 건조,맑음,기타 - 기타,화물,남,48세,상해없음,보행자,여,87세,경상
4345,2020081800100423,2020년 8월 18일 16시,화요일,전라남도 고흥군 도화면,중상사고,0,1,0,0,차대사람 - 길가장자리구역통행중,중앙선침범,포장 - 건조,맑음,교차로 - 교차로안,화물,남,59세,상해없음,보행자,남,74세,중상
4346,2020081800100472,2020년 8월 18일 17시,화요일,전라남도 함평군 학교면,경상사고,0,0,1,0,차대사람 - 차도통행중,신호위반,포장 - 건조,맑음,교차로 - 교차로안,건설기계,남,55세,상해없음,보행자,남,80세,경상
4347,2020081800100605,2020년 8월 18일 20시,화요일,전라남도 여수시 신기동,중상사고,0,1,0,0,차대사람 - 횡단중,안전운전불이행,포장 - 건조,맑음,단일로 - 기타,승용,여,54세,상해없음,보행자,여,74세,중상
4348,2020081800100641,2020년 8월 18일 21시,화요일,전라남도 화순군 능주면,경상사고,0,0,2,0,차대사람 - 기타,안전운전불이행,포장 - 건조,맑음,교차로 - 교차로부근,이륜,남,51세,경상,보행자,남,68세,경상
4349,2020081800100667,2020년 8월 18일 22시,화요일,전라남도 광양시 중동,경상사고,0,0,1,0,차대사람 - 기타,안전운전불이행,포장 - 건조,맑음,단일로 - 기타,승용,남,65세,상해없음,보행자,여,24세,경상
4350,2020081900100023,2020년 8월 19일 02시,수요일,전라남도 여수시 학동,경상사고,0,0,1,0,차대사람 - 길가장자리구역통행중,안전운전불이행,포장 - 건조,맑음,단일로 - 기타,승용,여,51세,상해없음,보행자,남,29세,경상
4351,2020081900100295,2020년 8월 19일 13시,수요일,전라남도 장성군 장성읍,경상사고,0,0,1,0,차대사람 - 기타,안전운전불이행,포장 - 건조,맑음,단일로 - 기타,승용,여,79세,상해없음,보행자,여,75세,경상
4352,2020081900100329,2020년 8월 19일 14시,수요일,전라남도 여수시 학동,경상사고,0,0,1,0,차대사람 - 길가장자리구역통행중,안전운전불이행,포장 - 건조,맑음,단일로 - 기타,승용,남,55세,상해없음,보행자,남,25세,경상
4353,2020081900100366,2020년 8월 19일 15시,수요일,전라남도 목포시 용당동,중상사고,0,1,0,0,차대사람 - 기타,안전운전불이행,포장 - 건조,맑음,단일로 - 기타,승용,여,61세,상해없음,보행자,여,62세,중상
4354,2020081900100453,2020년 8월 19일 17시,수요일,전라남도 담양군 담양읍,경상사고,0,0,1,0,차대사람 - 기타,안전운전불이행,포장 - 건조,맑음,단일로 - 기타,승용,여,60세,상해없음,보행자,남,35세,경상
4355,2020081900100582,2020년 8월 19일 20시,수요일,전라남도 여수시 둔덕동,중상사고,0,1,0,0,차대사람 - 기타,신호위반,포장 - 건조,맑음,교차로 - 교차로부근,화물,남,57세,상해없음,보행자,남,57세,중상
4356,2020081900100583,2020년 8월 19일 20시,수요일,전라남도 화순군 화순읍,중상사고,0,1,0,0,차대사람 - 기타,안전운전불이행,포장 - 건조,맑음,단일로 - 기타,승용,남,40세,상해없음,보행자,여,83세,중상
4357,2020082000100108,2020년 8월 20일 08시,목요일,전라남도 화순군 화순읍,중상사고,0,1,0,0,차대사람 - 차도통행중,안전운전불이행,포장 - 건조,맑음,교차로 - 교차로부근,승용,여,54세,상해없음,보행자,여,16세,중상
4358,2020082000100246,2020년 8월 20일 12시,목요일,전라남도 담양군 담양읍,경상사고,0,0,1,0,차대사람 - 횡단중,보행자보호의무위반,포장 - 건조,맑음,교차로 - 교차로안,승용,남,72세,상해없음,보행자,여,65세,경상
4359,2020082100100060,2020년 8월 21일 06시,금요일,전라남도 무안군 삼향읍,중상사고,0,1,0,0,차대사람 - 기타,안전운전불이행,포장 - 건조,맑음,기타 - 기타,자전거,남,44세,상해없음,보행자,남,79세,중상
4360,2020082100100077,2020년 8월 21일 07시,금요일,전라남도 여수시 문수동,경상사고,0,0,1,0,차대사람 - 횡단중,신호위반,포장 - 건조,맑음,단일로 - 기타,승용,여,59세,상해없음,보행자,남,18세,경상
4361,2020082100100136,2020년 8월 21일 09시,금요일,전라남도 해남군 해남읍,사망사고,1,0,0,0,차대사람 - 횡단중,안전운전불이행,포장 - 건조,맑음,교차로 - 교차로안,승용,남,70세,상해없음,보행자,여,61세,사망
4362,2020082100100297,2020년 8월 21일 14시,금요일,전라남도 여수시 학동,경상사고,0,0,1,0,차대사람 - 기타,안전운전불이행,포장 - 건조,맑음,단일로 - 기타,승용,여,39세,상해없음,보행자,남,64세,경상
4363,2020082100100365,2020년 8월 21일 16시,금요일,전라남도 여수시 서교동,경상사고,0,0,1,0,차대사람 - 기타,안전운전불이행,포장 - 건조,맑음,교차로 - 교차로부근,화물,남,67세,상해없음,보행자,여,52세,경상
4364,2020082100100404,2020년 8월 21일 17시,금요일,전라남도 순천시 남정동,경상사고,0,0,1,0,차대사람 - 횡단중,신호위반,포장 - 건조,맑음,단일로 - 기타,승용,남,65세,상해없음,보행자,남,75세,경상
4365,2020082200100143,2020년 8월 22일 09시,토요일,전라남도 나주시 금천면,중상사고,0,1,0,0,차대사람 - 기타,안전운전불이행,포장 - 건조,맑음,단일로 - 기타,화물,남,64세,상해없음,보행자,여,85세,중상
4366,2020082200100202,2020년 8월 22일 11시,토요일,전라남도 영광군 영광읍,경상사고,0,0,1,0,차대사람 - 기타,안전운전불이행,포장 - 건조,맑음,단일로 - 기타,승용,남,52세,상해없음,보행자,남,42세,경상
4367,2020082200100591,2020년 8월 22일 21시,토요일,전라남도 목포시 상동,경상사고,0,0,1,0,차대사람 - 기타,안전운전불이행,포장 - 건조,맑음,단일로 - 기타,기타불명,기타불명,미분류,기타불명,보행자,남,21세,경상
4368,2020082300100217,2020년 8월 23일 14시,일요일,전라남도 목포시 옥암동,경상사고,0,0,1,0,차대사람 - 기타,안전운전불이행,포장 - 건조,맑음,교차로 - 교차로안,승용,남,36세,상해없음,보행자,남,39세,경상
4369,2020082300100242,2020년 8월 23일 15시,일요일,전라남도 담양군 용면,경상사고,0,0,1,0,차대사람 - 횡단중,안전운전불이행,포장 - 젖음/습기,비,단일로 - 기타,이륜,남,22세,상해없음,보행자,남,85세,경상
4370,2020082400100220,2020년 8월 24일 11시,월요일,전라남도 진도군 지산면,중상사고,0,2,0,0,차대사람 - 기타,안전운전불이행,포장 - 건조,맑음,교차로 - 교차로안,화물,남,19세,상해없음,보행자,남,56세,중상
4371,2020082400100549,2020년 8월 24일 19시,월요일,전라남도 구례군 토지면,사망사고,2,0,0,0,차대사람 - 횡단중,안전운전불이행,포장 - 건조,맑음,단일로 - 기타,승용,남,78세,상해없음,보행자,여,86세,사망
4372,2020082400100653,2020년 8월 24일 23시,월요일,전라남도 목포시 상동,중상사고,0,1,0,0,차대사람 - 횡단중,보행자보호의무위반,포장 - 건조,맑음,교차로 - 교차로횡단보도내,승용,남,37세,상해없음,보행자,남,57세,중상
4373,2020082500100152,2020년 8월 25일 09시,화요일,전라남도 영광군 염산면,중상사고,0,1,0,0,차대사람 - 차도통행중,안전운전불이행,포장 - 건조,맑음,단일로 - 기타,승용,여,69세,상해없음,보행자,여,80세,중상
4374,2020082500100184,2020년 8월 25일 10시,화요일,전라남도 여수시 서교동,경상사고,0,0,1,0,차대사람 - 기타,안전운전불이행,포장 - 건조,맑음,단일로 - 기타,화물,남,75세,상해없음,보행자,여,65세,경상
4375,2020082500100225,2020년 8월 25일 11시,화요일,전라남도 여수시 문수동,경상사고,0,0,1,0,차대사람 - 보도통행중,보행자보호의무위반,포장 - 건조,맑음,단일로 - 기타,승용,남,63세,상해없음,보행자,여,65세,경상
4376,2020082500100303,2020년 8월 25일 13시,화요일,전라남도 장흥군 부산면,경상사고,0,0,1,0,차대사람 - 기타,안전운전불이행,포장 - 건조,맑음,단일로 - 기타,승용,여,59세,상해없음,보행자,여,80세,경상
4377,2020082500100334,2020년 8월 25일 14시,화요일,전라남도 목포시 용해동,경상사고,0,0,1,0,차대사람 - 횡단중,기타,포장 - 건조,맑음,단일로 - 기타,승용,남,53세,상해없음,보행자,여,8세,경상
4378,2020082600100008,2020년 8월 26일 00시,수요일,전라남도 여수시 학동,경상사고,0,0,1,0,차대사람 - 기타,안전운전불이행,포장 - 건조,맑음,단일로 - 기타,승용,여,22세,상해없음,보행자,여,22세,경상
4379,2020082600100101,2020년 8월 26일 08시,수요일,전라남도 광양시 금호동,경상사고,0,0,1,0,차대사람 - 횡단중,신호위반,포장 - 건조,맑음,교차로 - 교차로횡단보도내,승용,남,51세,상해없음,보행자,남,46세,경상
4380,2020082600100127,2020년 8월 26일 09시,수요일,전라남도 여수시 학동,경상사고,0,0,1,0,차대사람 - 보도통행중,기타,포장 - 건조,맑음,기타 - 기타,사륜오토바이(ATV),여,46세,상해없음,보행자,남,35세,경상
4381,2020082600100443,2020년 8월 26일 19시,수요일,전라남도 목포시 상동,중상사고,0,1,0,0,차대사람 - 횡단중,신호위반,포장 - 젖음/습기,비,교차로 - 교차로안,승용,남,36세,기타불명,보행자,남,61세,중상
4382,2020082600100549,2020년 8월 26일 23시,수요일,전라남도 장성군 황룡면,부상신고사고,0,0,0,1,차대사람 - 기타,안전운전불이행,포장 - 건조,흐림,교차로 - 교차로안,화물,남,64세,상해없음,보행자,남,46세,부상신고
4383,2020082700100099,2020년 8월 27일 08시,목요일,전라남도 순천시 오천동,중상사고,0,1,0,0,차대사람 - 횡단중,보행자보호의무위반,포장 - 건조,맑음,교차로 - 교차로부근,화물,남,39세,상해없음,보행자,남,73세,중상
4384,2020082700100134,2020년 8월 27일 09시,목요일,전라남도 광양시 금호동,경상사고,0,0,1,0,차대사람 - 기타,안전운전불이행,포장 - 건조,맑음,단일로 - 기타,승용,남,62세,상해없음,보행자,남,40세,경상
4385,2020082800100030,2020년 8월 28일 02시,금요일,전라남도 여수시 학동,경상사고,0,0,1,0,차대사람 - 기타,안전운전불이행,포장 - 건조,흐림,단일로 - 기타,승용,남,54세,상해없음,보행자,남,21세,경상
4386,2020082800100080,2020년 8월 28일 07시,금요일,전라남도 보성군 벌교읍,경상사고,0,0,1,0,차대사람 - 횡단중,보행자보호의무위반,포장 - 건조,맑음,단일로 - 기타,원동기,남,75세,상해없음,보행자,여,65세,경상
4387,2020082800100082,2020년 8월 28일 07시,금요일,전라남도 영광군 염산면,경상사고,0,0,1,0,차대사람 - 기타,안전운전불이행,포장 - 건조,맑음,주차장 - 주차장,화물,남,48세,상해없음,보행자,남,70세,경상
4388,2020082800100432,2020년 8월 28일 17시,금요일,전라남도 목포시 연산동,경상사고,0,0,1,0,차대사람 - 기타,안전운전불이행,포장 - 건조,맑음,기타 - 기타,승용,남,38세,상해없음,보행자,여,57세,경상
4389,2020082800100523,2020년 8월 28일 19시,금요일,전라남도 화순군 동면,사망사고,1,0,0,0,차대사람 - 횡단중,안전운전불이행,포장 - 건조,맑음,단일로 - 기타,승용,여,64세,상해없음,보행자,여,71세,사망
4390,2020082800100653,2020년 8월 28일 23시,금요일,전라남도 여수시 여서동,경상사고,0,0,1,0,차대사람 - 횡단중,안전운전불이행,포장 - 건조,맑음,단일로 - 기타,승용,남,56세,상해없음,보행자,남,48세,경상
4391,2020082900100160,2020년 8월 29일 10시,토요일,전라남도 여수시 선원동,경상사고,0,0,1,0,차대사람 - 기타,안전운전불이행,포장 - 건조,맑음,교차로 - 교차로부근,승용,남,64세,상해없음,보행자,남,45세,경상
4392,2020082900100161,2020년 8월 29일 10시,토요일,전라남도 고흥군 도양읍,경상사고,0,0,1,0,차대사람 - 기타,안전운전불이행,포장 - 건조,맑음,교차로 - 교차로부근,화물,남,72세,상해없음,보행자,남,68세,경상
4393,2020082900100305,2020년 8월 29일 14시,토요일,전라남도 여수시 교동,경상사고,0,0,1,0,차대사람 - 기타,안전운전불이행,포장 - 건조,맑음,단일로 - 기타,화물,남,68세,상해없음,보행자,남,40세,경상
4394,2020083100100274,2020년 8월 31일 14시,월요일,전라남도 영암군 신북면,중상사고,0,1,0,0,차대사람 - 기타,안전운전불이행,포장 - 건조,맑음,교차로 - 교차로부근,승용,여,50세,상해없음,보행자,여,72세,중상
4395,2020083100100319,2020년 8월 31일 15시,월요일,전라남도 목포시 용해동,중상사고,0,1,0,0,차대사람 - 횡단중,신호위반,포장 - 건조,맑음,기타 - 기타,승용,여,43세,상해없음,보행자,남,13세,중상
4396,2020083100100427,2020년 8월 31일 18시,월요일,전라남도 목포시 호남동,경상사고,0,0,1,0,차대사람 - 횡단중,안전운전불이행,포장 - 건조,맑음,기타 - 기타,승용,남,48세,상해없음,보행자,여,16세,경상
4397,2020090100100035,2020년 9월 1일 05시,화요일,전라남도 여수시 국동,경상사고,0,0,1,0,차대사람 - 기타,안전운전불이행,포장 - 건조,맑음,단일로 - 기타,승용,여,51세,상해없음,보행자,남,54세,경상
4398,2020090100100295,2020년 9월 1일 15시,화요일,전라남도 목포시 상동,경상사고,0,0,1,0,차대사람 - 차도통행중,안전운전불이행,포장 - 건조,맑음,단일로 - 기타,승용,여,77세,상해없음,보행자,남,12세,경상
4399,2020090100100450,2020년 9월 1일 19시,화요일,전라남도 무안군 무안읍,중상사고,0,1,0,0,차대사람 - 기타,안전운전불이행,포장 - 건조,맑음,단일로 - 기타,승용,남,47세,상해없음,보행자,여,76세,중상
4400,2020090200100454,2020년 9월 2일 20시,수요일,전라남도 여수시 학동,중상사고,0,1,0,0,차대사람 - 횡단중,안전운전불이행,포장 - 젖음/습기,비,단일로 - 기타,승용,남,76세,상해없음,보행자,남,60세,중상
4401,2020090300100131,2020년 9월 3일 09시,목요일,전라남도 담양군 담양읍,경상사고,0,0,1,0,차대사람 - 횡단중,안전운전불이행,포장 - 건조,맑음,교차로 - 교차로부근,화물,남,66세,상해없음,보행자,여,77세,경상
4402,2020090300100454,2020년 9월 3일 20시,목요일,전라남도 목포시 상동,경상사고,0,0,1,0,차대사람 - 기타,안전운전불이행,포장 - 건조,맑음,교차로 - 교차로안,이륜,남,24세,상해없음,보행자,남,53세,경상
4403,2020090300100457,2020년 9월 3일 20시,목요일,전라남도 순천시 해룡면,경상사고,0,0,1,0,차대사람 - 길가장자리구역통행중,안전운전불이행,포장 - 건조,맑음,단일로 - 기타,자전거,남,54세,경상,보행자,남,44세,상해없음
4404,2020090400100036,2020년 9월 4일 05시,금요일,전라남도 여수시 화양면,사망사고,1,0,0,0,차대사람 - 횡단중,보행자보호의무위반,포장 - 건조,맑음,단일로 - 기타,화물,남,55세,상해없음,보행자,여,81세,사망
4405,2020090400100200,2020년 9월 4일 11시,금요일,전라남도 장흥군 장동면,중상사고,0,1,0,0,차대사람 - 기타,안전운전불이행,포장 - 건조,맑음,단일로 - 터널,승용,남,70세,상해없음,보행자,남,29세,중상
4406,2020090400100201,2020년 9월 4일 11시,금요일,전라남도 영암군 학산면,경상사고,0,0,1,0,차대사람 - 길가장자리구역통행중,안전운전불이행,포장 - 건조,맑음,단일로 - 기타,승용,남,80세,상해없음,보행자,남,62세,경상
4407,2020090400100326,2020년 9월 4일 15시,금요일,전라남도 구례군 구례읍,경상사고,0,0,1,0,차대사람 - 보도통행중,안전운전불이행,포장 - 건조,맑음,교차로 - 교차로횡단보도내,승용,남,72세,상해없음,보행자,여,11세,경상
4408,2020090400100465,2020년 9월 4일 18시,금요일,전라남도 장흥군 장흥읍,사망사고,1,0,0,0,차대사람 - 기타,안전운전불이행,포장 - 건조,맑음,단일로 - 기타,건설기계,남,49세,상해없음,보행자,남,66세,사망
4409,2020090600100012,2020년 9월 6일 00시,일요일,전라남도 여수시 교동,사망사고,1,0,1,0,차대사람 - 차도통행중,안전운전불이행,포장 - 건조,맑음,단일로 - 기타,승용,여,49세,경상,보행자,남,76세,사망
4410,2020090600100049,2020년 9월 6일 05시,일요일,전라남도 목포시 용해동,중상사고,0,1,0,0,차대사람 - 기타,안전운전불이행,포장 - 건조,흐림,교차로 - 교차로안,승용,남,69세,상해없음,보행자,여,71세,중상
4411,2020090600100343,2020년 9월 6일 20시,일요일,전라남도 완도군 노화읍,중상사고,0,1,0,0,차대사람 - 기타,안전운전불이행,포장 - 젖음/습기,비,기타 - 기타,승용,여,54세,상해없음,보행자,여,46세,중상
4412,2020090700100277,2020년 9월 7일 14시,월요일,전라남도 순천시 풍덕동,중상사고,0,1,0,0,차대사람 - 횡단중,보행자보호의무위반,포장 - 젖음/습기,비,교차로 - 교차로안,승용,남,43세,상해없음,보행자,여,86세,중상
4413,2020090700100460,2020년 9월 7일 19시,월요일,전라남도 여수시 봉산동,중상사고,0,1,0,0,차대사람 - 차도통행중,안전운전불이행,포장 - 건조,맑음,단일로 - 기타,화물,남,64세,상해없음,보행자,남,60세,중상
4414,2020090700100461,2020년 9월 7일 19시,월요일,전라남도 순천시 해룡면,중상사고,0,1,0,0,차대사람 - 보도통행중,안전운전불이행,포장 - 건조,맑음,단일로 - 기타,화물,남,69세,상해없음,보행자,여,83세,중상
4415,2020090800100111,2020년 9월 8일 08시,화요일,전라남도 목포시 산정동,중상사고,0,1,0,0,차대사람 - 횡단중,보행자보호의무위반,포장 - 건조,맑음,기타 - 기타,승용,여,38세,상해없음,보행자,여,77세,중상
4416,2020090800100436,2020년 9월 8일 17시,화요일,전라남도 여수시 서교동,경상사고,0,0,1,0,차대사람 - 기타,안전운전불이행,포장 - 건조,맑음,단일로 - 교량,승용,남,62세,상해없음,보행자,여,67세,경상
4417,2020090800100517,2020년 9월 8일 19시,화요일,전라남도 장성군 황룡면,중상사고,0,1,0,0,차대사람 - 기타,안전운전불이행,포장 - 젖음/습기,비,단일로 - 기타,화물,남,42세,상해없음,보행자,여,75세,중상
4418,2020090900100327,2020년 9월 9일 16시,수요일,전라남도 장성군 장성읍,중상사고,0,1,0,0,차대사람 - 기타,안전운전불이행,포장 - 건조,맑음,단일로 - 기타,승용,여,46세,상해없음,보행자,여,86세,중상
4419,2020091000100027,2020년 9월 10일 05시,목요일,전라남도 여수시 호명동,경상사고,0,0,1,0,차대사람 - 차도통행중,안전운전불이행,포장 - 건조,맑음,교차로 - 교차로안,승용,남,44세,상해없음,보행자,여,79세,경상
4420,2020091000100054,2020년 9월 10일 07시,목요일,전라남도 순천시 조례동,경상사고,0,0,1,0,차대사람 - 횡단중,보행자보호의무위반,포장 - 건조,맑음,교차로 - 교차로횡단보도내,승용,여,45세,상해없음,보행자,남,33세,경상
4421,2020091000100167,2020년 9월 10일 11시,목요일,전라남도 해남군 산이면,경상사고,0,0,1,0,차대사람 - 기타,불법유턴,비포장 - 건조,맑음,기타 - 기타,화물,남,58세,상해없음,보행자,남,47세,경상
4422,2020091000100204,2020년 9월 10일 12시,목요일,전라남도 목포시 용당동,중상사고,0,1,0,0,차대사람 - 횡단중,보행자보호의무위반,포장 - 건조,맑음,교차로 - 교차로횡단보도내,화물,남,29세,상해없음,보행자,남,49세,중상
4423,2020091000100265,2020년 9월 10일 14시,목요일,전라남도 완도군 신지면,중상사고,0,1,0,0,차대사람 - 기타,안전운전불이행,포장 - 건조,맑음,단일로 - 기타,화물,남,81세,상해없음,보행자,여,49세,중상
4424,2020091000100381,2020년 9월 10일 17시,목요일,전라남도 순천시 왕지동,경상사고,0,0,1,0,차대사람 - 차도통행중,안전운전불이행,포장 - 건조,맑음,단일로 - 기타,승용,여,52세,상해없음,보행자,남,48세,경상
4425,2020091000100382,2020년 9월 10일 17시,목요일,전라남도 나주시 이창동,경상사고,0,0,1,0,차대사람 - 기타,안전운전불이행,포장 - 건조,맑음,단일로 - 기타,화물,여,50세,상해없음,보행자,남,52세,경상
4426,2020091100100207,2020년 9월 11일 12시,금요일,전라남도 고흥군 도양읍,경상사고,0,0,1,0,차대사람 - 차도통행중,안전운전불이행,포장 - 젖음/습기,비,단일로 - 기타,화물,남,44세,상해없음,보행자,남,75세,경상
4427,2020091100100374,2020년 9월 11일 17시,금요일,전라남도 순천시 조례동,경상사고,0,0,1,0,차대사람 - 횡단중,안전운전불이행,포장 - 젖음/습기,비,교차로 - 교차로안,승용,여,30세,상해없음,보행자,남,57세,경상
4428,2020091200100009,2020년 9월 12일 00시,토요일,전라남도 목포시 옥암동,중상사고,0,1,0,0,차대사람 - 횡단중,안전운전불이행,포장 - 젖음/습기,비,단일로 - 기타,승용,남,44세,상해없음,보행자,여,38세,중상
4429,2020091200100011,2020년 9월 12일 00시,토요일,전라남도 화순군 화순읍,중상사고,0,1,0,0,차대사람 - 기타,안전운전불이행,포장 - 젖음/습기,비,단일로 - 기타,이륜,남,28세,상해없음,보행자,남,22세,중상
4430,2020091200100035,2020년 9월 12일 01시,토요일,전라남도 여수시 중앙동,경상사고,0,0,1,0,차대사람 - 차도통행중,안전운전불이행,포장 - 젖음/습기,흐림,단일로 - 기타,승용,여,52세,상해없음,보행자,남,46세,경상
4431,2020091200100203,2020년 9월 12일 11시,토요일,전라남도 구례군 구례읍,경상사고,0,0,1,0,차대사람 - 차도통행중,안전운전불이행,포장 - 건조,맑음,단일로 - 기타,승용,여,49세,상해없음,보행자,여,77세,경상
4432,2020091200100238,2020년 9월 12일 12시,토요일,전라남도 목포시 옥암동,경상사고,0,0,1,0,차대사람 - 길가장자리구역통행중,안전운전불이행,포장 - 건조,맑음,단일로 - 기타,승용,남,65세,상해없음,보행자,여,57세,경상
4433,2020091200100363,2020년 9월 12일 15시,토요일,전라남도 목포시 상동,경상사고,0,0,1,0,차대사람 - 기타,안전운전불이행,포장 - 건조,맑음,단일로 - 기타,자전거,여,11세,상해없음,보행자,남,22세,경상
4434,2020091200100364,2020년 9월 12일 15시,토요일,전라남도 영암군 학산면,부상신고사고,0,0,0,1,차대사람 - 기타,안전운전불이행,포장 - 건조,맑음,교차로 - 교차로부근,기타불명,기타불명,미분류,기타불명,보행자,남,31세,부상신고
4435,2020091200100537,2020년 9월 12일 20시,토요일,전라남도 여수시 웅천동,경상사고,0,0,3,0,차대사람 - 횡단중,안전운전불이행,포장 - 건조,맑음,교차로 - 교차로안,승용,남,49세,상해없음,보행자,남,13세,경상
4436,2020091200100567,2020년 9월 12일 21시,토요일,전라남도 무안군 삼향읍,경상사고,0,0,2,0,차대사람 - 횡단중,신호위반,포장 - 건조,기타,교차로 - 교차로횡단보도내,승용,여,29세,상해없음,보행자,여,17세,경상
4437,2020091300100059,2020년 9월 13일 07시,일요일,전라남도 구례군 구례읍,경상사고,0,0,1,0,차대사람 - 기타,안전운전불이행,포장 - 건조,맑음,단일로 - 기타,승용,남,49세,상해없음,보행자,여,63세,경상
4438,2020091300100245,2020년 9월 13일 14시,일요일,전라남도 무안군 현경면,중상사고,0,1,0,0,차대사람 - 기타,안전운전불이행,포장 - 건조,맑음,단일로 - 기타,승용,남,46세,상해없음,보행자,남,53세,중상
4439,2020091400100004,2020년 9월 14일 00시,월요일,전라남도 여수시 학동,경상사고,0,0,1,0,차대사람 - 횡단중,안전운전불이행,포장 - 건조,맑음,교차로 - 교차로횡단보도내,승용,여,52세,상해없음,보행자,남,36세,경상
4440,2020091400100118,2020년 9월 14일 08시,월요일,전라남도 목포시 용당동,경상사고,0,0,1,0,차대사람 - 횡단중,보행자보호의무위반,포장 - 건조,맑음,교차로 - 교차로부근,승용,여,26세,상해없음,보행자,남,7세,경상
4441,2020091400100449,2020년 9월 14일 17시,월요일,전라남도 목포시 옥암동,경상사고,0,0,1,0,차대사람 - 기타,안전운전불이행,포장 - 건조,맑음,단일로 - 기타,승용,여,40세,기타불명,보행자,남,36세,경상
4442,2020091400100451,2020년 9월 14일 17시,월요일,전라남도 영광군 영광읍,경상사고,0,0,1,0,차대사람 - 횡단중,보행자보호의무위반,포장 - 건조,흐림,교차로 - 교차로횡단보도내,화물,남,54세,상해없음,보행자,남,7세,경상
4443,2020091400100530,2020년 9월 14일 19시,월요일,전라남도 여수시 동산동,중상사고,0,1,0,0,차대사람 - 차도통행중,안전운전불이행,포장 - 건조,맑음,단일로 - 기타,승용,남,28세,상해없음,보행자,남,77세,중상
4444,2020091500100228,2020년 9월 15일 12시,화요일,전라남도 나주시 이창동,경상사고,0,0,1,0,차대사람 - 기타,안전운전불이행,포장 - 건조,맑음,교차로 - 교차로안,화물,남,51세,상해없음,보행자,남,76세,경상
4445,2020091500100412,2020년 9월 15일 17시,화요일,전라남도 목포시 산정동,중상사고,0,1,0,0,차대사람 - 기타,안전운전불이행,포장 - 건조,맑음,단일로 - 기타,승용,여,27세,상해없음,보행자,여,73세,중상
4446,2020091500100414,2020년 9월 15일 17시,화요일,전라남도 여수시 문수동,경상사고,0,0,1,0,차대사람 - 횡단중,안전운전불이행,포장 - 건조,맑음,단일로 - 기타,승합,남,61세,상해없음,보행자,여,13세,경상
4447,2020091500100490,2020년 9월 15일 19시,화요일,전라남도 여수시 충무동,경상사고,0,0,1,0,차대사람 - 횡단중,보행자보호의무위반,포장 - 건조,맑음,교차로 - 교차로횡단보도내,승용,남,54세,상해없음,보행자,남,74세,경상
4448,2020091500100491,2020년 9월 15일 19시,화요일,전라남도 순천시 연향동,경상사고,0,0,1,0,차대사람 - 기타,안전운전불이행,비포장 - 건조,기타,단일로 - 기타,승용,여,49세,상해없음,보행자,남,47세,경상