,사고번호,사고일시,요일,시군구,사고내용,사망자수,중상자수,경상자수,부상신고자수,사고유형,법규위반,노면상태,기상상태,도로형태,가해운전자 차종,가해운전자 성별,가해운전자 연령,가해운전자 상해정도,피해운전자 차종,피해운전자 성별,피해운전자 연령,피해운전자 상해정도
4561,2020101300100401,2020년 10월 13일 16시,화요일,전라남도 화순군 화순읍,경상사고,0,0,1,0,차대사람 - 횡단중,보행자보호의무위반,포장 - 건조,맑음,단일로 - 기타,승용,남,64세,상해없음,보행자,여,7세,경상
4562,2020101300100509,2020년 10월 13일 18시,화요일,전라남도 여수시 화장동,중상사고,0,1,0,0,차대사람 - 차도통행중,안전운전불이행,포장 - 건조,맑음,교차로 - 교차로안,승용,남,53세,상해없음,보행자,여,71세,중상
4563,2020101400100309,2020년 10월 14일 14시,수요일,전라남도 목포시 중앙동2가,경상사고,0,0,1,0,차대사람 - 기타,안전운전불이행,포장 - 건조,맑음,단일로 - 기타,화물,남,74세,상해없음,보행자,여,14세,경상
4564,2020101400100384,2020년 10월 14일 16시,수요일,전라남도 광양시 봉강면,사망사고,1,0,0,0,차대사람 - 횡단중,보행자보호의무위반,포장 - 건조,맑음,교차로 - 교차로횡단보도내,화물,남,72세,상해없음,보행자,여,98세 이상,사망
4565,2020101400100412,2020년 10월 14일 17시,수요일,전라남도 장흥군 회진면,경상사고,0,0,1,0,차대사람 - 길가장자리구역통행중,기타,포장 - 건조,맑음,단일로 - 기타,화물,남,62세,상해없음,보행자,남,17세,경상
4566,2020101400100472,2020년 10월 14일 18시,수요일,전라남도 신안군 압해읍,경상사고,0,0,1,0,차대사람 - 차도통행중,안전운전불이행,포장 - 건조,맑음,단일로 - 기타,화물,남,58세,상해없음,보행자,여,81세,경상
4567,2020101400100532,2020년 10월 14일 19시,수요일,전라남도 여수시 학동,중상사고,0,1,0,0,차대사람 - 횡단중,안전운전불이행,포장 - 건조,맑음,교차로 - 교차로안,승용,남,40세,상해없음,보행자,남,70세,중상
4568,2020101500100142,2020년 10월 15일 09시,목요일,전라남도 고흥군 고흥읍,경상사고,0,0,1,0,차대사람 - 횡단중,안전운전불이행,포장 - 건조,맑음,교차로 - 교차로부근,화물,남,75세,상해없음,보행자,여,84세,경상
4569,2020101500100378,2020년 10월 15일 15시,목요일,전라남도 강진군 도암면,중상사고,0,1,0,0,차대사람 - 기타,안전운전불이행,포장 - 건조,맑음,단일로 - 교량,승용,남,61세,상해없음,보행자,여,61세,중상
4570,2020101500100538,2020년 10월 15일 18시,목요일,전라남도 목포시 용당동,중상사고,0,1,0,0,차대사람 - 기타,안전운전불이행,포장 - 건조,맑음,단일로 - 기타,승용,여,52세,상해없음,보행자,남,55세,중상
4571,2020101500100639,2020년 10월 15일 20시,목요일,전라남도 목포시 대안동,중상사고,0,1,2,0,차대사람 - 기타,안전운전불이행,포장 - 건조,맑음,단일로 - 기타,이륜,남,74세,경상,보행자,여,69세,중상
4572,2020101600100292,2020년 10월 16일 14시,금요일,전라남도 목포시 산정동,경상사고,0,0,1,0,차대사람 - 차도통행중,안전운전불이행,포장 - 건조,맑음,단일로 - 기타,승용,남,52세,상해없음,보행자,남,68세,경상
4573,2020101600100367,2020년 10월 16일 16시,금요일,전라남도 구례군 문척면,중상사고,0,1,0,0,차대사람 - 기타,안전운전불이행,포장 - 건조,맑음,단일로 - 기타,화물,남,50세,상해없음,보행자,남,82세,상해없음
4574,2020101600100416,2020년 10월 16일 17시,금요일,전라남도 나주시 중앙동,경상사고,0,0,1,0,차대사람 - 횡단중,안전운전불이행,포장 - 건조,맑음,교차로 - 교차로부근,승용,여,74세,상해없음,보행자,여,87세,경상
4575,2020101600100488,2020년 10월 16일 18시,금요일,전라남도 해남군 해남읍,중상사고,0,1,0,0,차대사람 - 기타,안전운전불이행,포장 - 건조,맑음,단일로 - 기타,승용,여,52세,상해없음,보행자,남,90세,중상
4576,2020101600100489,2020년 10월 16일 18시,금요일,전라남도 보성군 보성읍,중상사고,0,1,0,0,차대사람 - 길가장자리구역통행중,중앙선침범,포장 - 건조,흐림,단일로 - 기타,화물,남,68세,상해없음,보행자,여,69세,중상
4577,2020101600100617,2020년 10월 16일 21시,금요일,전라남도 목포시 대양동,경상사고,0,0,1,0,차대사람 - 기타,안전운전불이행,포장 - 건조,맑음,단일로 - 기타,승용,남,41세,상해없음,보행자,남,50세,경상
4578,2020101700100544,2020년 10월 17일 18시,토요일,전라남도 나주시 빛가람동,중상사고,0,1,0,0,차대사람 - 횡단중,안전운전불이행,포장 - 건조,맑음,교차로 - 교차로안,화물,남,48세,상해없음,보행자,남,59세,중상
4579,2020101700100609,2020년 10월 17일 19시,토요일,전라남도 담양군 대덕면,중상사고,0,1,0,0,차대사람 - 횡단중,안전운전불이행,포장 - 건조,맑음,단일로 - 기타,승용,남,50세,상해없음,보행자,여,77세,중상
4580,2020101700100679,2020년 10월 17일 21시,토요일,전라남도 여수시 봉산동,중상사고,0,1,0,0,차대사람 - 기타,안전운전불이행,포장 - 건조,맑음,단일로 - 기타,승합,여,46세,상해없음,보행자,남,39세,중상
4581,2020101800100396,2020년 10월 18일 17시,일요일,전라남도 목포시 산정동,중상사고,0,1,0,0,차대사람 - 횡단중,안전운전불이행,포장 - 건조,맑음,교차로 - 교차로안,승용,여,60세,상해없음,보행자,여,75세,중상
4582,2020101800100512,2020년 10월 18일 20시,일요일,전라남도 순천시 송광면,사망사고,1,0,0,0,차대사람 - 기타,안전운전불이행,포장 - 건조,맑음,단일로 - 고가도로위,승용,남,51세,상해없음,보행자,남,95세,사망
4583,2020101800100531,2020년 10월 18일 21시,일요일,전라남도 여수시 소라면,중상사고,0,1,0,0,차대사람 - 차도통행중,안전운전불이행,포장 - 건조,맑음,단일로 - 기타,승용,남,44세,상해없음,보행자,여,61세,중상
4584,2020101800100532,2020년 10월 18일 21시,일요일,전라남도 순천시 매곡동,사망사고,1,0,0,0,차대사람 - 횡단중,과속,포장 - 건조,맑음,단일로 - 기타,화물,남,50세,상해없음,보행자,남,57세,사망
4585,2020101900100049,2020년 10월 19일 06시,월요일,전라남도 목포시 명륜동,경상사고,0,0,1,0,차대사람 - 보도통행중,신호위반,포장 - 건조,맑음,교차로 - 교차로부근,이륜,남,76세,상해없음,보행자,여,48세,경상
4586,2020101900100122,2020년 10월 19일 08시,월요일,전라남도 목포시 옥암동,경상사고,0,0,1,0,차대사람 - 횡단중,신호위반,포장 - 건조,맑음,교차로 - 교차로횡단보도내,화물,남,63세,상해없음,보행자,남,9세,경상
4587,2020101900100223,2020년 10월 19일 10시,월요일,전라남도 여수시 선원동,중상사고,0,1,0,0,차대사람 - 기타,안전운전불이행,포장 - 건조,맑음,단일로 - 기타,자전거,남,31세,상해없음,보행자,여,57세,중상
4588,2020101900100470,2020년 10월 19일 16시,월요일,전라남도 광양시 중동,경상사고,0,0,1,0,차대사람 - 횡단중,안전운전불이행,포장 - 건조,맑음,교차로 - 교차로부근,승용,남,54세,상해없음,보행자,남,7세,경상
4589,2020101900100562,2020년 10월 19일 18시,월요일,전라남도 목포시 상동,경상사고,0,0,1,0,차대사람 - 횡단중,신호위반,포장 - 건조,맑음,단일로 - 기타,이륜,남,36세,상해없음,보행자,여,9세,경상
4590,2020101900100565,2020년 10월 19일 18시,월요일,전라남도 여수시 교동,경상사고,0,0,1,0,차대사람 - 횡단중,보행자보호의무위반,포장 - 건조,맑음,단일로 - 기타,승용,남,63세,상해없음,보행자,여,44세,경상
4591,2020101900100657,2020년 10월 19일 20시,월요일,전라남도 목포시 용당동,사망사고,1,0,0,0,차대사람 - 횡단중,보행자보호의무위반,포장 - 건조,맑음,단일로 - 기타,승용,남,59세,상해없음,보행자,여,60세,사망
4592,2020101900100702,2020년 10월 19일 22시,월요일,전라남도 목포시 상락동1가,사망사고,1,0,0,0,차대사람 - 차도통행중,안전운전불이행,포장 - 건조,맑음,교차로 - 교차로부근,승용,남,53세,상해없음,보행자,남,57세,사망
4593,2020102000100068,2020년 10월 20일 07시,화요일,전라남도 보성군 벌교읍,경상사고,0,0,2,0,차대사람 - 기타,중앙선침범,포장 - 건조,맑음,단일로 - 기타,화물,남,51세,상해없음,보행자,여,76세,경상
4594,2020102000100257,2020년 10월 20일 12시,화요일,전라남도 보성군 벌교읍,중상사고,0,1,0,0,차대사람 - 횡단중,보행자보호의무위반,포장 - 건조,맑음,교차로 - 교차로횡단보도내,승용,여,62세,상해없음,보행자,여,84세,중상
4595,2020102000100288,2020년 10월 20일 13시,화요일,전라남도 나주시 빛가람동,경상사고,0,0,1,0,차대사람 - 횡단중,안전운전불이행,포장 - 건조,맑음,교차로 - 교차로안,승용,남,65세,상해없음,보행자,여,66세,경상
4596,2020102000100337,2020년 10월 20일 14시,화요일,전라남도 광양시 도이동,중상사고,0,1,0,0,차대사람 - 기타,안전운전불이행,포장 - 건조,맑음,단일로 - 기타,승용,여,23세,상해없음,보행자,남,53세,중상
4597,2020102000100391,2020년 10월 20일 15시,화요일,전라남도 무안군 삼향읍,경상사고,0,0,1,0,차대사람 - 횡단중,안전운전불이행,포장 - 건조,맑음,교차로 - 교차로안,승용,여,54세,상해없음,보행자,여,20세,경상
4598,2020102000100489,2020년 10월 20일 17시,화요일,전라남도 화순군 한천면,중상사고,0,1,0,0,차대사람 - 기타,안전운전불이행,포장 - 건조,맑음,단일로 - 기타,화물,남,64세,상해없음,보행자,여,63세,중상
4599,2020102100100140,2020년 10월 21일 08시,수요일,전라남도 영암군 삼호읍,경상사고,0,0,1,0,차대사람 - 기타,안전운전불이행,포장 - 건조,맑음,기타 - 기타,승용,남,30세,상해없음,보행자,남,61세,경상
4600,2020102100100261,2020년 10월 21일 12시,수요일,전라남도 순천시 동외동,중상사고,0,1,0,0,차대사람 - 기타,안전운전불이행,포장 - 건조,맑음,교차로 - 교차로안,승용,남,61세,상해없음,보행자,여,72세,중상
4601,2020102100100343,2020년 10월 21일 15시,수요일,전라남도 고흥군 점암면,중상사고,0,1,0,0,차대사람 - 기타,안전운전불이행,포장 - 젖음/습기,비,단일로 - 기타,기타불명,기타불명,미분류,기타불명,보행자,여,86세,중상
4602,2020102100100423,2020년 10월 21일 17시,수요일,전라남도 담양군 가사문학면,중상사고,0,1,0,0,차대사람 - 차도통행중,안전운전불이행,포장 - 젖음/습기,비,단일로 - 기타,화물,남,56세,상해없음,보행자,남,53세,중상
4603,2020102100100494,2020년 10월 21일 18시,수요일,전라남도 여수시 선원동,경상사고,0,0,1,0,차대사람 - 횡단중,보행자보호의무위반,포장 - 건조,맑음,교차로 - 교차로횡단보도내,승용,남,44세,상해없음,보행자,남,68세,경상
4604,2020102100100495,2020년 10월 21일 18시,수요일,전라남도 순천시 연향동,경상사고,0,0,2,0,차대사람 - 기타,안전운전불이행,포장 - 젖음/습기,비,교차로 - 교차로안,승용,남,31세,상해없음,보행자,남,56세,경상
4605,2020102100100499,2020년 10월 21일 18시,수요일,전라남도 광양시 광영동,사망사고,1,0,0,0,차대사람 - 보도통행중,안전운전불이행,포장 - 젖음/습기,비,교차로 - 교차로안,승용,남,67세,상해없음,보행자,남,58세,사망
4606,2020102200100122,2020년 10월 22일 08시,목요일,전라남도 목포시 용해동,경상사고,0,0,1,0,차대사람 - 횡단중,안전운전불이행,포장 - 건조,맑음,기타 - 기타,승용,여,52세,상해없음,보행자,남,13세,경상
4607,2020102200100215,2020년 10월 22일 11시,목요일,전라남도 완도군 완도읍,경상사고,0,0,1,0,차대사람 - 기타,안전운전불이행,포장 - 건조,맑음,단일로 - 기타,화물,남,39세,상해없음,보행자,여,86세,경상
4608,2020102200100394,2020년 10월 22일 16시,목요일,전라남도 광양시 중동,경상사고,0,0,1,0,차대사람 - 횡단중,신호위반,포장 - 건조,맑음,단일로 - 기타,화물,남,66세,상해없음,보행자,남,11세,경상
4609,2020102200100597,2020년 10월 22일 21시,목요일,전라남도 순천시 덕암동,중상사고,0,1,0,0,차대사람 - 횡단중,안전운전불이행,포장 - 건조,맑음,단일로 - 기타,승용,여,57세,상해없음,보행자,여,57세,중상
4610,2020102300100065,2020년 10월 23일 06시,금요일,전라남도 여수시 봉계동,경상사고,0,0,1,0,차대사람 - 기타,보행자보호의무위반,포장 - 건조,맑음,교차로 - 교차로부근,승용,남,63세,상해없음,보행자,여,13세,경상
4611,2020102300100142,2020년 10월 23일 08시,금요일,전라남도 화순군 화순읍,중상사고,0,1,0,0,차대사람 - 횡단중,안전운전불이행,포장 - 건조,맑음,교차로 - 교차로안,승용,여,67세,상해없음,보행자,여,18세,중상
4612,2020102300100220,2020년 10월 23일 10시,금요일,전라남도 영광군 영광읍,경상사고,0,0,1,0,차대사람 - 차도통행중,안전운전불이행,포장 - 건조,맑음,기타 - 기타,승용,남,79세,상해없음,보행자,여,73세,경상
4613,2020102300100424,2020년 10월 23일 15시,금요일,전라남도 화순군 화순읍,경상사고,0,0,1,0,차대사람 - 횡단중,안전운전불이행,포장 - 건조,맑음,단일로 - 기타,승용,남,61세,상해없음,보행자,여,24세,경상
4614,2020102300100748,2020년 10월 23일 20시,금요일,전라남도 목포시 상동,경상사고,0,0,1,0,차대사람 - 기타,안전운전불이행,포장 - 건조,흐림,단일로 - 지하차도(도로)내,이륜,남,40세,상해없음,보행자,여,50세,경상
4615,2020102400100123,2020년 10월 24일 08시,토요일,전라남도 무안군 청계면,중상사고,0,1,0,0,차대사람 - 기타,안전운전불이행,포장 - 건조,맑음,주차장 - 주차장,승용,남,49세,상해없음,보행자,여,65세,중상
4616,2020102400100153,2020년 10월 24일 09시,토요일,전라남도 무안군 삼향읍,중상사고,0,1,0,0,차대사람 - 보도통행중,신호위반,포장 - 건조,맑음,교차로 - 교차로횡단보도내,승용,남,41세,상해없음,보행자,여,25세,중상
4617,2020102400100364,2020년 10월 24일 14시,토요일,전라남도 여수시 신기동,경상사고,0,0,1,0,차대사람 - 기타,안전운전불이행,포장 - 건조,맑음,단일로 - 기타,승용,남,51세,상해없음,보행자,남,45세,경상
4618,2020102400100497,2020년 10월 24일 17시,토요일,전라남도 담양군 담양읍,경상사고,0,0,1,0,차대사람 - 기타,안전운전불이행,포장 - 건조,흐림,교차로 - 교차로부근,승용,남,68세,상해없음,보행자,남,35세,경상
4619,2020102400100641,2020년 10월 24일 21시,토요일,전라남도 무안군 삼향읍,경상사고,0,0,1,0,차대사람 - 횡단중,안전운전불이행,포장 - 건조,맑음,기타 - 기타,이륜,남,40세,기타불명,보행자,여,43세,경상
4620,2020102500100009,2020년 10월 25일 00시,일요일,전라남도 목포시 상동,경상사고,0,0,1,0,차대사람 - 기타,중앙선침범,포장 - 건조,맑음,단일로 - 기타,승용,여,45세,상해없음,보행자,남,26세,경상
4621,2020102500100123,2020년 10월 25일 09시,일요일,전라남도 화순군 화순읍,중상사고,0,1,0,0,차대사람 - 횡단중,안전운전불이행,포장 - 건조,맑음,교차로 - 교차로안,승용,남,50세,상해없음,보행자,여,87세,중상
4622,2020102500100146,2020년 10월 25일 10시,일요일,전라남도 목포시 용당동,경상사고,0,0,1,0,차대사람 - 기타,교차로운행방법위반,포장 - 건조,맑음,교차로 - 교차로안,화물,남,40세,상해없음,보행자,여,73세,경상
4623,2020102500100241,2020년 10월 25일 13시,일요일,전라남도 순천시 해룡면,경상사고,0,0,1,0,차대사람 - 보도통행중,기타,포장 - 건조,맑음,단일로 - 기타,자전거,기타불명,미분류,기타불명,보행자,남,15세,경상
4624,2020102500100436,2020년 10월 25일 18시,일요일,전라남도 여수시 돌산읍,경상사고,0,0,1,0,차대사람 - 기타,안전운전불이행,포장 - 건조,맑음,단일로 - 기타,승용,남,60세,상해없음,보행자,남,61세,경상
4625,2020102500100547,2020년 10월 25일 21시,일요일,전라남도 해남군 해남읍,중상사고,0,1,0,0,차대사람 - 기타,중앙선침범,포장 - 건조,맑음,단일로 - 교량,승용,남,53세,상해없음,보행자,여,78세,중상
4626,2020102600100035,2020년 10월 26일 05시,월요일,전라남도 무안군 무안읍,중상사고,0,1,0,0,차대사람 - 기타,안전운전불이행,포장 - 건조,맑음,교차로 - 교차로부근,승합,여,47세,상해없음,보행자,남,66세,중상
4627,2020102600100177,2020년 10월 26일 09시,월요일,전라남도 해남군 화원면,경상사고,0,0,1,0,차대사람 - 보도통행중,안전운전불이행,포장 - 건조,맑음,단일로 - 기타,화물,남,60세,상해없음,보행자,여,72세,경상
4628,2020102600100215,2020년 10월 26일 10시,월요일,전라남도 목포시 대양동,경상사고,0,0,1,0,차대사람 - 보도통행중,안전운전불이행,포장 - 건조,맑음,기타 - 기타,화물,남,51세,상해없음,보행자,여,71세,경상
4629,2020102600100219,2020년 10월 26일 10시,월요일,전라남도 진도군 지산면,중상사고,0,1,0,0,차대사람 - 기타,안전운전불이행,포장 - 건조,맑음,단일로 - 기타,화물,남,39세,상해없음,보행자,남,72세,중상
4630,2020102600100301,2020년 10월 26일 12시,월요일,전라남도 목포시 죽동,경상사고,0,0,1,0,차대사람 - 기타,신호위반,포장 - 건조,맑음,단일로 - 기타,원동기,남,59세,상해없음,보행자,남,35세,경상
4631,2020102600100302,2020년 10월 26일 12시,월요일,전라남도 순천시 연향동,경상사고,0,0,1,0,차대사람 - 횡단중,보행자보호의무위반,포장 - 건조,맑음,교차로 - 교차로부근,승용,여,37세,상해없음,보행자,남,64세,경상
4632,2020102600100370,2020년 10월 26일 14시,월요일,전라남도 목포시 옥암동,경상사고,0,0,1,0,차대사람 - 기타,안전운전불이행,포장 - 건조,맑음,단일로 - 기타,기타불명,기타불명,미분류,기타불명,보행자,남,24세,경상
4633,2020102600100449,2020년 10월 26일 16시,월요일,전라남도 신안군 비금면,사망사고,1,0,0,0,차대사람 - 기타,안전운전불이행,포장 - 건조,맑음,기타 - 기타,화물,남,84세,상해없음,보행자,여,83세,사망
4634,2020102600100608,2020년 10월 26일 19시,월요일,전라남도 여수시 문수동,경상사고,0,0,1,0,차대사람 - 기타,안전운전불이행,포장 - 건조,맑음,교차로 - 교차로부근,승용,남,56세,상해없음,보행자,여,48세,경상
4635,2020102600100609,2020년 10월 26일 19시,월요일,전라남도 해남군 황산면,중상사고,0,1,0,0,차대사람 - 횡단중,안전운전불이행,포장 - 건조,맑음,기타 - 기타,화물,남,39세,상해없음,보행자,여,69세,중상
4636,2020102700100230,2020년 10월 27일 11시,화요일,전라남도 진도군 진도읍,중상사고,0,1,0,0,차대사람 - 횡단중,안전운전불이행,포장 - 건조,맑음,교차로 - 교차로부근,승용,여,37세,상해없음,보행자,남,81세,중상
4637,2020102700100607,2020년 10월 27일 20시,화요일,전라남도 순천시 조곡동,부상신고사고,0,0,0,1,차대사람 - 횡단중,신호위반,포장 - 건조,맑음,교차로 - 교차로횡단보도내,승용,남,56세,상해없음,보행자,여,44세,부상신고
4638,2020102800100199,2020년 10월 28일 10시,수요일,전라남도 목포시 산정동,경상사고,0,0,1,0,차대사람 - 기타,안전운전불이행,포장 - 건조,맑음,교차로 - 교차로안,승용,여,74세,상해없음,보행자,남,65세,경상
4639,2020102800100311,2020년 10월 28일 13시,수요일,전라남도 구례군 구례읍,경상사고,0,0,1,0,차대사람 - 횡단중,보행자보호의무위반,포장 - 건조,맑음,교차로 - 교차로안,승용,남,22세,상해없음,보행자,남,67세,경상
4640,2020102800100346,2020년 10월 28일 14시,수요일,전라남도 여수시 학용동,중상사고,0,1,0,0,차대사람 - 횡단중,안전운전불이행,포장 - 건조,맑음,단일로 - 기타,자전거,여,27세,상해없음,보행자,남,74세,중상
4641,2020102900100163,2020년 10월 29일 09시,목요일,전라남도 여수시 연등동,중상사고,0,1,0,0,차대사람 - 횡단중,안전운전불이행,포장 - 건조,맑음,단일로 - 기타,화물,남,70세,상해없음,보행자,여,68세,중상
4642,2020102900100280,2020년 10월 29일 12시,목요일,전라남도 해남군 황산면,중상사고,0,1,0,0,차대사람 - 기타,안전운전불이행,포장 - 건조,맑음,단일로 - 기타,승용,여,63세,상해없음,보행자,여,83세,중상
4643,2020102900100353,2020년 10월 29일 14시,목요일,전라남도 무안군 삼향읍,중상사고,0,1,0,0,차대사람 - 기타,안전운전불이행,포장 - 건조,맑음,기타 - 기타,건설기계,남,40세,상해없음,보행자,남,60세,중상
4644,2020102900100608,2020년 10월 29일 19시,목요일,전라남도 광양시 중동,경상사고,0,0,1,0,차대사람 - 횡단중,안전운전불이행,포장 - 건조,맑음,단일로 - 기타,승용,남,26세,상해없음,보행자,여,24세,경상
4645,2020102900100681,2020년 10월 29일 21시,목요일,전라남도 순천시 덕월동,중상사고,0,1,0,0,차대사람 - 기타,안전운전불이행,포장 - 건조,맑음,교차로 - 교차로부근,승용,여,57세,상해없음,보행자,남,40세,중상
4646,2020103000100179,2020년 10월 30일 09시,금요일,전라남도 영암군 삼호읍,경상사고,0,0,1,0,차대사람 - 횡단중,안전운전불이행,포장 - 건조,맑음,교차로 - 교차로부근,승용,남,68세,상해없음,보행자,남,21세,경상
4647,2020103000100376,2020년 10월 30일 14시,금요일,전라남도 장성군 삼계면,경상사고,0,0,1,0,차대사람 - 기타,안전운전불이행,포장 - 건조,맑음,단일로 - 기타,승용,남,50세,상해없음,보행자,남,17세,경상
4648,2020103000100587,2020년 10월 30일 18시,금요일,전라남도 순천시 연향동,중상사고,0,1,0,0,차대사람 - 횡단중,안전운전불이행,포장 - 건조,맑음,교차로 - 교차로부근,승용,남,27세,상해없음,보행자,남,8세,중상
4649,2020103000100727,2020년 10월 30일 21시,금요일,전라남도 목포시 상동,경상사고,0,0,1,0,차대사람 - 기타,안전운전불이행,포장 - 건조,맑음,단일로 - 기타,승용,남,22세,상해없음,보행자,남,28세,경상
4650,2020103000100728,2020년 10월 30일 21시,금요일,전라남도 여수시 봉산동,경상사고,0,0,2,0,차대사람 - 횡단중,보행자보호의무위반,포장 - 건조,맑음,교차로 - 교차로횡단보도내,승용,남,45세,상해없음,보행자,남,58세,경상
4651,2020103000100729,2020년 10월 30일 21시,금요일,전라남도 순천시 조례동,경상사고,0,0,1,0,차대사람 - 기타,중앙선침범,포장 - 건조,맑음,단일로 - 기타,승용,여,25세,상해없음,보행자,남,45세,경상
4652,2020103100100427,2020년 10월 31일 16시,토요일,전라남도 목포시 용당동,중상사고,0,1,0,0,차대사람 - 기타,안전운전불이행,포장 - 건조,맑음,단일로 - 기타,승용,남,68세,상해없음,보행자,남,61세,중상
4653,2020103100100610,2020년 10월 31일 20시,토요일,전라남도 여수시 문수동,경상사고,0,0,1,0,차대사람 - 횡단중,신호위반,포장 - 건조,맑음,교차로 - 교차로부근,승용,여,34세,상해없음,보행자,남,53세,경상
4654,2020103100100675,2020년 10월 31일 22시,토요일,전라남도 무안군 삼향읍,경상사고,0,0,1,0,차대사람 - 기타,안전운전불이행,포장 - 건조,기타,기타 - 기타,자전거,남,23세,상해없음,보행자,여,23세,경상
4655,2020110100100109,2020년 11월 1일 09시,일요일,전라남도 광양시 진상면,중상사고,0,1,0,0,차대사람 - 횡단중,교차로운행방법위반,포장 - 건조,맑음,교차로 - 교차로안,승용,여,37세,상해없음,보행자,남,54세,중상
4656,2020110100100511,2020년 11월 1일 22시,일요일,전라남도 목포시 산정동,경상사고,0,0,1,0,차대사람 - 횡단중,보행자보호의무위반,포장 - 건조,맑음,교차로 - 교차로횡단보도내,승용,남,46세,상해없음,보행자,남,62세,경상
4657,2020110200100046,2020년 11월 2일 05시,월요일,전라남도 순천시 석현동,경상사고,0,0,1,0,차대사람 - 횡단중,신호위반,포장 - 건조,맑음,교차로 - 교차로안,승용,남,63세,상해없음,보행자,남,45세,경상
4658,2020110200100065,2020년 11월 2일 06시,월요일,전라남도 강진군 강진읍,중상사고,0,1,0,0,차대사람 - 기타,안전운전불이행,포장 - 건조,맑음,교차로 - 교차로횡단보도내,승용,남,27세,상해없음,보행자,남,71세,중상
4659,2020110200100194,2020년 11월 2일 10시,월요일,전라남도 순천시 풍덕동,중상사고,0,1,0,0,차대사람 - 차도통행중,안전운전불이행,포장 - 건조,맑음,단일로 - 기타,승용,남,83세,상해없음,보행자,여,60세,중상
4660,2020110200100568,2020년 11월 2일 19시,월요일,전라남도 진도군 진도읍,사망사고,1,0,0,0,차대사람 - 차도통행중,안전운전불이행,포장 - 건조,맑음,단일로 - 기타,승합,남,43세,상해없음,보행자,남,63세,사망
4661,2020110300100084,2020년 11월 3일 07시,화요일,전라남도 여수시 신기동,중상사고,0,1,0,0,차대사람 - 횡단중,보행자보호의무위반,포장 - 건조,맑음,단일로 - 기타,승용,여,59세,상해없음,보행자,여,13세,중상
4662,2020110300100211,2020년 11월 3일 10시,화요일,전라남도 진도군 지산면,경상사고,0,0,1,0,차대사람 - 차도통행중,안전운전불이행,포장 - 건조,맑음,주차장 - 주차장,화물,남,43세,상해없음,보행자,남,82세,경상
4663,2020110300100475,2020년 11월 3일 17시,화요일,전라남도 목포시 용당동,부상신고사고,0,0,0,1,차대사람 - 기타,안전운전불이행,포장 - 건조,기타,기타 - 기타,승합,여,52세,상해없음,보행자,남,45세,부상신고
4664,2020110300100588,2020년 11월 3일 19시,화요일,전라남도 목포시 옥암동,경상사고,0,0,1,0,차대사람 - 횡단중,신호위반,포장 - 건조,맑음,교차로 - 교차로횡단보도내,승용,여,55세,상해없음,보행자,남,11세,경상
4665,2020110400100066,2020년 11월 4일 07시,수요일,전라남도 무안군 일로읍,사망사고,1,0,0,0,차대사람 - 기타,안전운전불이행,포장 - 건조,맑음,기타 - 기타,화물,남,49세,상해없음,보행자,남,59세,사망
4666,2020110400100175,2020년 11월 4일 09시,수요일,전라남도 광양시 옥곡면,중상사고,0,1,0,0,차대사람 - 차도통행중,안전운전불이행,포장 - 건조,맑음,단일로 - 기타,승용,남,48세,상해없음,보행자,여,87세,중상
4667,2020110400100259,2020년 11월 4일 11시,수요일,전라남도 영암군 삼호읍,중상사고,0,1,0,0,차대사람 - 기타,안전운전불이행,포장 - 건조,맑음,단일로 - 기타,승용,남,64세,상해없음,보행자,남,53세,중상
4668,2020110400100556,2020년 11월 4일 18시,수요일,전라남도 고흥군 두원면,중상사고,0,1,0,0,차대사람 - 횡단중,안전운전불이행,포장 - 건조,맑음,단일로 - 기타,승합,남,69세,상해없음,보행자,여,79세,중상
4669,2020110400100608,2020년 11월 4일 19시,수요일,전라남도 순천시 장천동,중상사고,0,1,0,0,차대사람 - 차도통행중,안전운전불이행,포장 - 건조,맑음,교차로 - 교차로안,승용,남,59세,상해없음,보행자,여,69세,중상
4670,2020110500100122,2020년 11월 5일 08시,목요일,전라남도 여수시 여서동,경상사고,0,0,1,0,차대사람 - 횡단중,보행자보호의무위반,포장 - 건조,맑음,교차로 - 교차로횡단보도내,승용,남,35세,상해없음,보행자,여,30세,경상
4671,2020110500100154,2020년 11월 5일 09시,목요일,전라남도 목포시 옥암동,경상사고,0,0,1,0,차대사람 - 차도통행중,안전운전불이행,포장 - 건조,맑음,교차로 - 교차로부근,화물,남,52세,상해없음,보행자,여,65세,경상